url,title,content,date,previousDiscussionUrl,nextDiscussionUrl
https://finance.naver.com/item/board_read.nhn?code=005930&nid=162793015&st=&sw=&page=1,나씨 시장떨어지고,왜 다시 나오냐 어차피 떨어질건데 두번 충격먹지마라,2021.02.07T23:31,board_read.nhn?code=005930&nid=162792913&st=&sw=&page=1,
https://finance.naver.com/item/board_read.nhn?code=005930&nid=162792913&st=&sw=&page=1,그냥사둬~ 문형님이,올해 코스피 4천 만들어준다냐 문형님 감사합니당 ㅋㅎ,2021.02.07T23:29,board_read.nhn?code=005930&nid=162792901&st=&sw=&page=1,board_read.nhn?code=005930&nid=162793015&st=&sw=&page=1
https://finance.naver.com/item/board_read.nhn?code=005930&nid=162792901&st=&sw=&page=1,파운드리 가자,30조 평택 2공장 올해 하반기 완성 30조 평택 3공장 2023년 완성 19조 미국 오스틴공장 2023년말 완성 30조 평택 4공장 올해나 내년 착공예정 2024년이면 TSMC 캐파 거의 따라간다 시스템반도체 영업이익 20조가 멀지 않았다,2021.02.07T23:29,board_read.nhn?code=005930&nid=162792842&st=&sw=&page=1,board_read.nhn?code=005930&nid=162792913&st=&sw=&page=1
https://finance.naver.com/item/board_read.nhn?code=005930&nid=162792842&st=&sw=&page=1,인수공시절대없음,아무것도안함 유지만할려고함 박스권?나게반복됨,2021.02.07T23:28,board_read.nhn?code=005930&nid=162792802&st=&sw=&page=1,board_read.nhn?code=005930&nid=162792901&st=&sw=&page=1
https://finance.naver.com/item/board_read.nhn?code=005930&nid=162792802&st=&sw=&page=1,수요일까지만 오르지말라고,ㅜㅜㅜ 월급 다꼴아박게...,2021.02.07T23:27,board_read.nhn?code=005930&nid=162792633&st=&sw=&page=1,board_read.nhn?code=005930&nid=162792842&st=&sw=&page=1
https://finance.naver.com/item/board_read.nhn?code=005930&nid=162792633&st=&sw=&page=1,윤석열 요구사항 하나도 안들어주다,윤석열은 자기와 적대적인 검사를 좌천시켜줄것을 요구했다 이종근(대검형사부장=경북안동출신) 이윤성(중앙지검장=홍어출신) 법무부검찰국장 대검반부패부장,2021.02.07T23:24,board_read.nhn?code=005930&nid=162792536&st=&sw=&page=1,board_read.nhn?code=005930&nid=162792802&st=&sw=&page=1
https://finance.naver.com/item/board_read.nhn?code=005930&nid=162792536&st=&sw=&page=1,형이 왜 삼전정리 했는지 이유 말해주까,존리 라는 인간이 뜬금없이 언론에 나와서 개미들 매매를 부추기는게 그거이 지수가 1700 으로 개급락할 2020년초에 그랬다면 진심 훌륭한분이라 할수있다만 지금 3000넘고 단기 급등에 언론에서 개인들 2030은 전재산 100%배팅하란말이 끝물이란 뜻이다 개인들 한테 물량 털고 앞으로 지수가 개급락을 볼것이란 예측이 나온다 이말이다 그러니 대형주는 하루속히 정리하고 현금확보가 시급하다 판단했다 이말이다 존리는 지돈아니고 회사돈이라 존ni 배팅해봐야 꼴릴꺼없지만 개인들은 대출이자에 앞으로 나가야될돈이 천정부진데 매매자체가 같은 급이 아니란 말이지 그런게 어디서 언론플레이 하는거보고 참 기가차서 예전 주식 격언에 원수가있다면 주식을 알려주란 속담이있는데 어이가없구마 존리 임마는 천벌받을 인간이구마,2021.02.07T23:23,board_read.nhn?code=005930&nid=162792494&st=&sw=&page=1,board_read.nhn?code=005930&nid=162792633&st=&sw=&page=1
https://finance.naver.com/item/board_read.nhn?code=005930&nid=162792494&st=&sw=&page=1,#####  반도체 빅사이클   파운드리 성장성 등이  이미 다 반영된 것이 현재 주가,현주가는 웬만한 호재는 다 선반영된 주가 입니다~~ 8만원 밑으로 떨어질 일만 남은듯~~~,2021.02.07T23:22,board_read.nhn?code=005930&nid=162792478&st=&sw=&page=1,board_read.nhn?code=005930&nid=162792536&st=&sw=&page=1
https://finance.naver.com/item/board_read.nhn?code=005930&nid=162792478&st=&sw=&page=1,6월까지 95천원  연말까지 120천원,간다에 10억원 건다ㆍ 분명히 간다 ㆍ왜 실적이 나오니까,2021.02.07T23:22,board_read.nhn?code=005930&nid=162792449&st=&sw=&page=1,board_read.nhn?code=005930&nid=162792494&st=&sw=&page=1
https://finance.naver.com/item/board_read.nhn?code=005930&nid=162792449&st=&sw=&page=1,《주식 자동매매 프로그램》개발해 공개해요,안녕하세요. 저는 직장인이자 일반 개인투자자입니다. 주식경력은 10년 정도 되었고 시스템트레이딩에 관심이 많아 직접 자동매매 프로그램을 개발하게 되었습니다. 최대 장점은 사람의 감정에 휩쓸린 뇌동매매를 배제하고  프로그램에 설정한 전략에 따른 자동매매를 하는 것입니다. AI 인공지능 알고리즘 판매니 뭐 그런 유료 프로그램 광고는 절대 아니구요. 자신의 매매전략을 세우고 검증 과정에만 집중할 수 있게 자동매매 환경을 제공하는 "플랫폼" 일 뿐입니다. 절대로 수익을 보장해 주지는 않습니다. 모의투자를 통해 나만의 매매전략과 기법을 검증하며 갈고닦는 과정이 필요하며  자동매매의 편리함을 누리고 경제적 자유 달성을 위한 수단으로서 시간투자할 가치는 충분하다고 봅니다. 모의투자/실전투자 모두 무료로 제공 중입니다. https://cafe.naver.com/eFreeTrader * 프로그램 동작은 아래와 같이 100% 자동화되며 - 8:30 PC 자동 부팅 및 프로그램 자동 실행 - 9:00 ~ 15:30 자동매매 실시 - 16:00 PC 자동 종료 모든 거래상황은 핸드폰으로 실시간 알림 받습니다. http://naver.me/FhA2Bp63,2021.02.07T23:22,board_read.nhn?code=005930&nid=162792403&st=&sw=&page=1,board_read.nhn?code=005930&nid=162792478&st=&sw=&page=1
https://finance.naver.com/item/board_read.nhn?code=005930&nid=162792403&st=&sw=&page=1,7만초반,딱 7만초반까지만 내려왓다 가즈아,2021.02.07T23:21,board_read.nhn?code=005930&nid=162792359&st=&sw=&page=1,board_read.nhn?code=005930&nid=162792449&st=&sw=&page=1
https://finance.naver.com/item/board_read.nhn?code=005930&nid=162792359&st=&sw=&page=1,유럽도 반도체 생산준비,약70조 투자 악재인가요 호재인가요 반도체 자립한다는디,2021.02.07T23:20,board_read.nhn?code=005930&nid=162792355&st=&sw=&page=1,board_read.nhn?code=005930&nid=162792403&st=&sw=&page=1
https://finance.naver.com/item/board_read.nhn?code=005930&nid=162792355&st=&sw=&page=1,쿠팡잇츠 단가 2500원 부릉은 3킬로 이상 배달안가고 3개정도 묶어간다 쿠팡은 3킬로 이상 배달가고 하나만 간다 쿠팡잇츠는 망한다,ㅋㅋ ㅎ,2021.02.07T23:20,board_read.nhn?code=005930&nid=162792325&st=&sw=&page=1,board_read.nhn?code=005930&nid=162792359&st=&sw=&page=1
https://finance.naver.com/item/board_read.nhn?code=005930&nid=162792325&st=&sw=&page=1,기관외인 쏟아내면 개미가사긴하겠지.,근데 7만 간다 ㅋㅋㅋ,2021.02.07T23:20,board_read.nhn?code=005930&nid=162792299&st=&sw=&page=1,board_read.nhn?code=005930&nid=162792355&st=&sw=&page=1
https://finance.naver.com/item/board_read.nhn?code=005930&nid=162792299&st=&sw=&page=1,개보수 일베는 왜 직장생활을 못할까,학교나 직장에서 왕따만 당하고 그러나 네이버 댓글90%장악하고 있다 마치 지들이 국민 여론인것 처럼 행동하고 있다,2021.02.07T23:19,board_read.nhn?code=005930&nid=162792282&st=&sw=&page=1,board_read.nhn?code=005930&nid=162792325&st=&sw=&page=1
https://finance.naver.com/item/board_read.nhn?code=005930&nid=162792282&st=&sw=&page=1,현대차※. 팔면 어떤 섹타 매수하나요?,애플 전기차 협업 불발시 어떤 다른 종목을 매수를 해야 하나요? 모두 최근 조정받아 크게 오르지 않은 섹타인데요.. 애플 관련 기업은 팔고.. 만약 다른거 산다면.. 어떤 기업? 추천부탁해요 1.필수 소비재 2.조선주. 석유 화학 기업 3.배당 우량 금융주 4. 수소차.풍력.태양광 기업 5.IT 반도체 6.우량 바이오 기업 .,2021.02.07T23:19,board_read.nhn?code=005930&nid=162792233&st=&sw=&page=1,board_read.nhn?code=005930&nid=162792299&st=&sw=&page=1
https://finance.naver.com/item/board_read.nhn?code=005930&nid=162792233&st=&sw=&page=1,애플카,엘지상치던날 현대기아죽씀 근데갑자기같은이유로상침 하이닉스인텔10조나오고 악재로받아드림 이게물의미하냐면 몰해도지는게임.,2021.02.07T23:18,board_read.nhn?code=005930&nid=162792202&st=&sw=&page=1,board_read.nhn?code=005930&nid=162792282&st=&sw=&page=1
https://finance.naver.com/item/board_read.nhn?code=005930&nid=162792202&st=&sw=&page=1,2022년에서왔습니다. 담대통령은?'이재명'애국주식보유세도입,애국을 위한길..! 이재명지사님대선되서국민들이원하는애국세도입해주세요. 걷어서 힘들고 없는사람들한테 나눠줘야합니다. 애국세도내고 애국도 하고 일석이조 그러니 세금열심히 내시기바랍니다. 주식보유세기준(애국세)1가구기준 5천만이하 보유시 10%애국세금 5천이상~1억이상 20%애국세금 1억이상 30%애국세금 주식거래후 5년내 매도 매수시 50%애국세금 이렇게 걷어야 합니다. 애국을 위한다면 기쁘게생각하고 국민위해서 반대하면 안됩니다. 반대한다면 나라를 팔아먹는짓입니다. 문재인대통령 기간중 영화도 재밌게봤습니다. 앞으로도 민주당 지지 잘 부탁합니다.,2021.02.07T23:18,board_read.nhn?code=005930&nid=162792180&st=&sw=&page=1,board_read.nhn?code=005930&nid=162792233&st=&sw=&page=1
https://finance.naver.com/item/board_read.nhn?code=005930&nid=162792180&st=&sw=&page=1,삼전으로 몰려올 때가 되었다.,삼전처럼 본사가 주가 방어해주고 주가 부양해주는 주식이 대한민국엔 없다.,2021.02.07T23:17,board_read.nhn?code=005930&nid=162791984&st=&sw=&page=1,board_read.nhn?code=005930&nid=162792202&st=&sw=&page=1
https://finance.naver.com/item/board_read.nhn?code=005930&nid=162791984&st=&sw=&page=1,한국개보수가 존경한트럼프가 방위비착취,하려고 동맹국 한국에 무려 갑자기 10배인상으로 공갈쳤지 미국은 한국이 전력적 요충지로 자기들에게 중요한 나라다 그러니까 한국이 핵무기 만들어 자주국방 한다니까 못하게하고 자기들이 와서 지켜준다,2021.02.07T23:14,board_read.nhn?code=005930&nid=162791970&st=&sw=&page=1,board_read.nhn?code=005930&nid=162792180&st=&sw=&page=1
https://finance.naver.com/item/board_read.nhn?code=005930&nid=162791970&st=&sw=&page=1,용역채용시 사전 필수사항 안내,용역채용시 사전 필수사항 안내 - 신원보증각서 ( 인감 필수 ) - 신원보증보험 가입 - 손해사정사   재고관리인의 배치 - https://terms.naver.com/entry.nhn?docId=3610807&cid=51373&categoryId=51373 ( 신원보증각서 ) - https://terms.naver.com/entry.nhn?docId=926285&cid=42116&categoryId=42116 ( 손해사정사 ) - https://terms.naver.com/entry.nhn?docId=2047504&cid=42279&categoryId=42279 ( 손망실 보고서 - 수신자 [ 대주주 ] ),2021.02.07T23:14,board_read.nhn?code=005930&nid=162791922&st=&sw=&page=1,board_read.nhn?code=005930&nid=162791984&st=&sw=&page=1
https://finance.naver.com/item/board_read.nhn?code=005930&nid=162791922&st=&sw=&page=1,부동산 정책 문제가 이 정부의 문제냐?,근본적으로 부동산 3법으로 규제를 해제한 것이 근본적인 문제지... 이미 활활 타고 있던 부동산에 어떤 대책이 먹히겠니? 그렇다고 그냥 두리? 역효과가 생길 수 있는 것이지... 근데.. 역효과가 생겼다고 멈추면 문제 해결이 돼? 잡힐 때까지 잡는 것이지.... 부동산이 경제 상황하고 맞물려서 올라가야지... 부동산만 폭등하는 것이 말이 되냐고? 부동산으로 경기 부양한 정부가 어떤 정부냐? 물론  이 정부도 꼼꼼하게 정책 점검하면서 역효과에도 대비하고 해서 좀 더 섬세한 대책을 내 놓았으면 역효과가 덜 했을 수도 있겠지.. 근데  근본적으로 부동산 규제를 다 풀어서 이 문제를 초래한 새끼들이 더 문제지... 그것을 해결하려고 악전고투하고 있는 정부가 더 문제냐? 불낸 사람한테는 아무 얘기도 안하고 불 끄는 사람한테만 불 늦게 끈다고 지랄하는 것이랑 뭐가 달라? 부동산을 잡을 대안이 될 정책을 내놓고 정부가 안받아 주면 지랄을 하던가? 나경원은 또 푼다고 지랄이잖아.... 부동산이 경제 상황에 맞춰서 일정 비율로 올라가야지.. 이상 폭등하면 당연히 정부에서 조절 들어가야지.. 이렇게 하는 것이 공산주의가 아니라... 이렇게 하는 것이 민주주의여... 곳곳에서 투기로 시장 경제가 이상 동작하는데  그대로 둬야 민주주의냐? 이 닭대가리들아... 시장 경제가 이상 동작하는 것도 막아야 국민 생활이 안정이 될 것 아니냐고?,2021.02.07T23:13,board_read.nhn?code=005930&nid=162792346&st=&sw=&page=1,board_read.nhn?code=005930&nid=162791970&st=&sw=&page=1
https://finance.naver.com/item/board_read.nhn?code=005930&nid=162792346&st=&sw=&page=1,문재인  경상도가 낳은 박정희를 잇는 빨갱이,너 정신병자냐 병원에나 가 봐 여기는 왜 ?,2021.02.07T23:20,board_read.nhn?code=005930&nid=162791882&st=&sw=&page=1,board_read.nhn?code=005930&nid=162791922&st=&sw=&page=1
https://finance.naver.com/item/board_read.nhn?code=005930&nid=162791882&st=&sw=&page=1,주무세요. 틀딱여러분들,냄새나요,2021.02.07T23:12,board_read.nhn?code=005930&nid=162791870&st=&sw=&page=1,board_read.nhn?code=005930&nid=162791917&st=&sw=&page=1
https://finance.naver.com/item/board_read.nhn?code=005930&nid=162791870&st=&sw=&page=1,매매를 쉬지 않고 하다보면 시장이 안보인다,지금 시장은 11~12월과 비교해보면 상방 압력이 현저히 떨어져 있다. 기관들의 대규모 매도공세는 뭔가를 준비하는 느낌이다. 그 뭔가가 무엇일까? 미국 시장이나  국장이나 버블임이 분명한데 존문가들마다 유튜브 나와서 버블이 아니라 새로운 강세장의 시작이라고 강변한다. 혹세무민이 그냥 프리 패쓰하고 있다 사상 유례없는 주린이 부대가 고고 외치고 있는 동안 기관  외인들은 찬물 끼얹어서 이 열기를 식히고 새판을 짜고 싶어하는 것 같다. 전자렌지에 데워서 맛있게 먹었으니 이제 냉동칸에 얼려서 먹을 때가 됐다,2021.02.07T23:12,board_read.nhn?code=005930&nid=162791867&st=&sw=&page=1,board_read.nhn?code=005930&nid=162791882&st=&sw=&page=1
https://finance.naver.com/item/board_read.nhn?code=005930&nid=162791867&st=&sw=&page=1,내일은...,오르거나 떨어지거나 ㅋㅋ보합이거나ㅋㅋ뮈든 좋아ㅋㅋ떨어지면 더사고 오르면 좋고ㅋㅋ넘 신나,2021.02.07T23:12,board_read.nhn?code=005930&nid=162791785&st=&sw=&page=1,board_read.nhn?code=005930&nid=162791870&st=&sw=&page=1
https://finance.naver.com/item/board_read.nhn?code=005930&nid=162791785&st=&sw=&page=1,내일 폭등할것 같은 느낌입니다,뭐 그렇다구요,2021.02.07T23:11,board_read.nhn?code=005930&nid=162791748&st=&sw=&page=1,board_read.nhn?code=005930&nid=162791867&st=&sw=&page=1
https://finance.naver.com/item/board_read.nhn?code=005930&nid=162791748&st=&sw=&page=1,빠꾸네 정체,비아그라 몇억치 사서 청와대서 뭘했을까 친일파의 수장 빠꾸네,2021.02.07T23:10,board_read.nhn?code=005930&nid=162791683&st=&sw=&page=1,board_read.nhn?code=005930&nid=162791785&st=&sw=&page=1
https://finance.naver.com/item/board_read.nhn?code=005930&nid=162791683&st=&sw=&page=1,삼전주주분들 심리,급락에 대한 불안심리가 높아보이네요. 단기간에 급격히 많이 오르면 조정도 급격하게 온다고 봅니다. 당연한 것이니까...인정하고 받아들려야 합니다. 마음에 준비를 하세요.,2021.02.07T23:09,board_read.nhn?code=005930&nid=162791654&st=&sw=&page=1,board_read.nhn?code=005930&nid=162791748&st=&sw=&page=1
https://finance.naver.com/item/board_read.nhn?code=005930&nid=162791654&st=&sw=&page=1,장기투자로 복리효과 기업발굴하기,♡.내가 국내주식을 30여년 소량 투자하다가 (그당시 직장생활) 개인은 기술주는 미래를 안정적으로 예측이 불가한 영역임을 알게됨 그래서 큰 돈 벌려면 개인은 투자철학을 꾸준히 성장이(안전) 가능한 상품군에(예측가능해야) 꾸준히 많은 금액을 투자하여 복리효과를 누리자는 전략을 택함(결과는 박영옥님의 주식농사투자법처럼) 그효과는 적중하고 있음: (2억투자로 11억진행중) 우리나라 주식시장의 역사를 보고 얻은 교훈은 #.GDP가 32000달러 되었고 #.식품주는 생존해서 많이도 커진걸 알게됨(Cj는 매출을 위해 아마존에서 물건은 파는데 이러한 상품이 중국이라면 얼마나 좋을까? 14억 인구에 안정적일텐데...하고.)(그래서 중국을 선택함) #.조선주는 쪽박을 차고 #.삼성은 날고 있고 #엘지 .현대는.... 그리하여 퇴직후에 본격적인 경영서적 탐구 ♧.최고의 미래전문가 책자"미래를 읽는 기술" 서적을 탐독.(인터넷서점 있슴) 중점사항:@기업의 미래를 어떻게 펼쳐볼것인가의 주제를 다루는 내용정도로 살펴볼수있음 @이책을 완전히 소화하지 못하면 기업의 미래를 예측 추정이 불가능할 영역임 @최고의 가장먼저 봐야함 @미래의 예측이 불가능하면 투자금을 꾸준히 많이 투여할수 없슴 ♧현존하는 가치투자의 귀재 워렌 버핏 ♧.가치투자자의 아버지 벤자민그레이엄 ♧성장주투자의 거장 필립피셔 ♧.가치투자의 거장 존 네프 ♧국내전문가 서적 탐독 ♧유튜브 참고 등 ♧자신만의 투자철학 확립 ♧.비지니스모델과 시장지배력과의 함수관계 ♧복리의 마법이 가능해야함 나의 결론은 국내시장은 작으므로 보다 큰 중국시장으로 투자의 방향을 정함 내가 투자할 당시 중국 GDP가 7천달러 였는데(2017년) 지금은 1만달러 된다고 함. 앞으로 시가총액으로 미국을 앞선다고(?몇년후) 하는데요(미국 모건스텐리에서) (중국) 투자종목 소개(가치투자측면에서) 귀주모태주 오량액 노주노교 산서행화촌분주 해천미업 장주편자황제약 항서제약 CTG면세점(옛 중국국제여행) 메이투안디엔핑 융기실콘자재 텐센트 비야디 입신정밀 창신신소재 (미국) 페이팔 비자 나이키 알파벳 어도비 모닝스타 무디스 케링 (한국) 삼성 한솔케미칼 엘지생활건강 ♡.국내주식을 꼭 산다면 삼성그룹 등 소수의 대기업에 한정할수 있는데  그런데 투자측면에서 보면 중국 소비섹터를 따라올수 없음 안정성.성장성.수익성측면에서 즉 식품분야는 ♡.소비자가 많아야 한다는 조건이 최우선임. ♡.장기적으로(필수조건임) 안정적인 수익과 성장성이 있어야한다는 조건이 있어야함(반드시).그래야 복리의 마법이작용함 ♡#미국은 조정을 주면 사볼까...생각중 그러나 지금은 넘 고평가인듯~~~ #.결론적으로 말하자면 주식에 투자할수있는 안목을 반드시 길러야함. 즉 플랜을 작성해보고 시장에서 어떻게 평가하는지를 분석해가며 시나리오를 조정해가는 영역임. ♡♡♡.계속 올리는 이유는(진즉 올렸씀에도) 중국이라는 큰시장을 아직 이해를 못하는것 같아요. 개인은 정보력이 부족하므로 사물의(물질) 성질을 이해하고 그것이 플러스가(이익) 되는 상품의 구조를 갖추고 있다면(지배력.지위.능력) 우리는 시간이라는 조건값에 베팅하면 됨. 결론은 수 많은 기업에 투자를 해보면서 기업과 상품의 성질을 이해하게되는 결과물임 ykh5252 옵션 열기 여러분이 내글을 읽고 유의미한 결과를 얻기를바람니다. 2일 전 답글0공감/비공감공감0비공감1 ykh5252,2021.02.07T23:09,board_read.nhn?code=005930&nid=162791641&st=&sw=&page=1,board_read.nhn?code=005930&nid=162791683&st=&sw=&page=1
https://finance.naver.com/item/board_read.nhn?code=005930&nid=162791641&st=&sw=&page=1,7만전자 떠드는 거 보니 내일 상승,고고고,2021.02.07T23:08,board_read.nhn?code=005930&nid=162791578&st=&sw=&page=1,board_read.nhn?code=005930&nid=162791654&st=&sw=&page=1
https://finance.naver.com/item/board_read.nhn?code=005930&nid=162791578&st=&sw=&page=1,내일 7만전자로 가는구나,제자리 찾아가야지,2021.02.07T23:07,board_read.nhn?code=005930&nid=162791563&st=&sw=&page=1,board_read.nhn?code=005930&nid=162791641&st=&sw=&page=1
https://finance.naver.com/item/board_read.nhn?code=005930&nid=162791563&st=&sw=&page=1,그거 있잖아,큰거 한방 올? 느낌 딱 월요일이 그렇다.,2021.02.07T23:07,board_read.nhn?code=005930&nid=162791438&st=&sw=&page=1,board_read.nhn?code=005930&nid=162791578&st=&sw=&page=1
https://finance.naver.com/item/board_read.nhn?code=005930&nid=162791438&st=&sw=&page=1,문죄인(파란집 거주자)의 정체,문죄인(예명 : 문재앙)의 정체에 대해서 사람이 sekki가 아니다.(공감) 사람이다. (비공감) 훌륭한 대통이다. (지구에서 떠남) 많은 참여 바랍니다,2021.02.07T23:05,board_read.nhn?code=005930&nid=162791436&st=&sw=&page=1,board_read.nhn?code=005930&nid=162791563&st=&sw=&page=1
https://finance.naver.com/item/board_read.nhn?code=005930&nid=162791436&st=&sw=&page=1,저평가,일본금융투자에서 목 표주가 11만원 잡 았다고,2021.02.07T23:05,board_read.nhn?code=005930&nid=162791367&st=&sw=&page=1,board_read.nhn?code=005930&nid=162791438&st=&sw=&page=1
https://finance.naver.com/item/board_read.nhn?code=005930&nid=162791367&st=&sw=&page=1,삼성전자의 사계절  1년간 촬영했습니다! - YouTube,삼성전자의 사계절  1년간 촬영했습니다! - YouTube http://yvs027.yyo.kr/y.php?s=삼성전자,2021.02.07T23:04,board_read.nhn?code=005930&nid=162791359&st=&sw=&page=1,board_read.nhn?code=005930&nid=162791436&st=&sw=&page=1
https://finance.naver.com/item/board_read.nhn?code=005930&nid=162791359&st=&sw=&page=1,(내용 펌)금융위 e-닥 3끼들아  5월2일까지 공매도 제도개선 및 시스템 구축 약속 안 지키면 폐지가 답이다. ,우리나라 공매도가 폐지되야 하는 이유!!! 전부 뜯어고쳐야 된다!! 1.선진증시에는 공매도 의무 상환기간이 있지만 한국에는 없다. 이자만 감당하면 된다. 2.선진증시에는 증거금이 필요하지만 한국에는 없다. 3.선진증시에는 무차입 공매도를 걸러내는 시스템이 있지만 한국은 T+2일 결제제도를 이용해 없는주식을 매도 후 2일 안에 채워 넣으면 절대로 걸리지 않는 시스템이다. 4.한국증시에는 시장조성자 제도가 있어 증권사 중에 시장조성자로 지정받은 증권사는 공매도 금지기간에도 공매도가 가능한 말도 않되는 제도가 있고 거래세도 없다. 5.한국증시 공매도 세력들은 업틱룰 위반  자전거래  무차입 공매도를 저질러도 거의 적발되지 않으며 적발된다 하더라도 과태료 몇푼 내면 그만이었다. 참고로 미국 프랑스 등 처벌기준은 징역 최대 20년 부당이득의 10배 벌금이다. 6.한국증시의 공매 거래 장부는 수기 작성한다. 전산화 하겠다고 십년전부터 얘기한게 언제인데 지금까지 수기로 작성한다 실시간 모니터링이 불가하다. 그러니 무차입 공매도가 그렇게 활개를 쳐도 못 잡아낸다. 이번 공매도 신설 특별감리팀이 셀*** 공매도만 철저히 조사하면 우리나라의 공매도 실태를 적나라하게 알게되고 밝혀낼 수 있을 것입니다!!,2021.02.07T23:04,board_read.nhn?code=005930&nid=162791287&st=&sw=&page=1,board_read.nhn?code=005930&nid=162791367&st=&sw=&page=1
https://finance.naver.com/item/board_read.nhn?code=005930&nid=162791287&st=&sw=&page=1,“현대ㆍ기아차와 애플의 제휴 협상 최종 국면 진입”…미국 CNBC  “애플ㆍ현대 제휴 전제로  애플카 전세계 시장의 판도 바꿀 것으로 전망”,http://m.econonews.co.kr/news/articleView.html?idxno=157510 “현대ㆍ기아차와 애플의 제휴 협상 최종 국면 진입”…미국 CNBC  “애플ㆍ현대 제휴 전제로  애플카 전세계 시장의 판도 바꿀 것으로 전망” 기사승인 2021.02.07 22:50:00 [이코노뉴스=서양희 기자] 지난 주 애플과 현대ㆍ기아차의 제휴 가능성에 대해 엇갈린 보도가 나왔지만  주말을 전후로 미국 CNBC가 애플과 현대ㆍ기아차의 제휴를 기정사실화한 보도를 다시 내보냈다. CNBC는 두 회사의 협상이 최종 국면에 접근했으며  (협상이 타결돼) 현대ㆍ기아와 손잡고 출시될 애플카가 기존 전기차 시장에 큰 충격을 줄 것이라고 예상했다. CNBC는 미국 동부시간 기준으로 6일 오후(한국시간 7일 새벽) 내보낸 기사에서 애플이 한국 자동차회사 현대ㆍ기아차와 전기차를 위해 파트너 협상을 진행하고 있으며  이것이 테슬라와 다른 자동차 회사들에게 큰 위협이 될 수 있다고 분석했다. CNBC는 애플의 기밀주의 때문에 구체적 상황을 알 수는 없지만  전화 시계 스트리밍 등 과거 애플이 뛰어든 사업에서의 사례를 보면 애플의 신규 산업 진출은 기존 업체에 상당한 압력으로 작용한다고 전했다. 가트너의 마이클 램지 부사장은 “애플의 등장은 기존 업체에게 소비자 경험을 업그레이드시켜야 한다는 강력한 압력을 제공하게 될 것”이라고 말했다. IHS Markit의 스테파니 브린리 수석 분석가도 “그것은 더 많은 경쟁을 의미한다. 경쟁이 더 치열해질 것”이라고 단언했다. CNBC는 지난 주 블룸버그가 애플-현대간 협상 중단 보도를 내보냈다고 전하면서도  시장에서 논의되고 있는 두 회사의 애플카 생산 전략도 소개했다. 즉 “애플과 현대ㆍ기아 간의 회담에 익숙한 사람들은 전기 자동차가 조지아의 기아 공장에서 2024년에 생산에 들어갈 예정”이라고 전했다. 다만 두 회사 사이에 아직 합의가 이루어지지 않았으며  애플이 궁극적으로 다른 자동차 업체와 손을 잡거나  현대ㆍ기아와 다른 업체와 동시에 협력할 수도 있다고 예상했다. CNBC는 블룸버그가 지난 금요일(5일) 현대-기아차 간의 회담이 ‘중지’되었다고 보도했지만  애플의 자동차는 자동차를 생산하는 회사에 관계없이 자동차 산업에 동일한 영향을 미칠 것이라고 예상했다.,2021.02.07T23:03,board_read.nhn?code=005930&nid=162791123&st=&sw=&page=1,board_read.nhn?code=005930&nid=162791359&st=&sw=&page=1
https://finance.naver.com/item/board_read.nhn?code=005930&nid=162791123&st=&sw=&page=1,육감이 안좋다,자다가 나무에서 떨어지는 꿈을 자주 꾼다 다인경제 이승조 대표의 예측이 맞을 것 같다. 요즘 코스피 떠받치는 개인들 부추키는 거버넌스 주가부양 에 개인들만 개피보고 있다. 글로벌 메이져들은 주식시장에서 언제 발 뺄까 시기만 저울질 하는 느낌이다. 안좋은 예감은 꼭 실현이 된다.,2021.02.07T23:00,board_read.nhn?code=005930&nid=162791116&st=&sw=&page=1,board_read.nhn?code=005930&nid=162791287&st=&sw=&page=1
https://finance.naver.com/item/board_read.nhn?code=005930&nid=162791116&st=&sw=&page=1,내일  삼전,하락예상하는사람들 주식접어라 그렇게보는안목이없어서 몬 주식을해 따블로 묻고 배팅가라 후달리고 쫄리면 뒤지시던가 ~,2021.02.07T23:00,board_read.nhn?code=005930&nid=162791107&st=&sw=&page=1,board_read.nhn?code=005930&nid=162791123&st=&sw=&page=1
https://finance.naver.com/item/board_read.nhn?code=005930&nid=162791107&st=&sw=&page=1,낼 종가 8.7,반박 못하겟지?,2021.02.07T23:00,board_read.nhn?code=005930&nid=162791026&st=&sw=&page=1,board_read.nhn?code=005930&nid=162791116&st=&sw=&page=1
https://finance.naver.com/item/board_read.nhn?code=005930&nid=162791026&st=&sw=&page=1,어차피 장투하면,위로 감~ 앞으로 반도체는 물량이 부족할수밖에 없는 시대임. 독일과 이유가 자체 생산하려고 한다는데~ 기술격차는 물론이고 치킨게임하면 단가싸움도 않됨.그렇다고 초정밀 반도체가 하루 아침에 되는것도 아님~돈많다고 되는것도 아니고~ 전기차 및 자율주행 등 반도체는 필수 시대임~그래서 지금 물량 부족 사태가 일어나는 것이고 이 분야 1~2위 아니면 뒤짐.,2021.02.07T22:58,board_read.nhn?code=005930&nid=162790959&st=&sw=&page=1,board_read.nhn?code=005930&nid=162791107&st=&sw=&page=1
https://finance.naver.com/item/board_read.nhn?code=005930&nid=162790959&st=&sw=&page=1,공매도 폐지를 위한 청원,여러분 공매도 폐지 되어야 한다 믿으시면 아래 링크로 가셔서 청와대 청원에 힘을 보태 주세요. 개미들의 저력을 보여 줍시다. https://m.blog.naver.com/koshlines/222228806350 1 0,2021.02.07T22:57,board_read.nhn?code=005930&nid=162790926&st=&sw=&page=1,board_read.nhn?code=005930&nid=162791026&st=&sw=&page=1
https://finance.naver.com/item/board_read.nhn?code=005930&nid=162790926&st=&sw=&page=1,모든 재고와 매출을 취급하는 회사들에게 긴급히 타진하셔야할 내용 안내,모든 재고와 매출을 취급하는 회사들에게 긴급히 타진하셔야할 내용 안내 * 재고관리의 상시화 * 수급되는 용역 또는 모든 계약에 대한 신원보증보험 강화 및 손해사정사  물류관리인(재고관리인)의 의무배치 강화 * 손해보험 가입의무 명시화 https://terms.naver.com/entry.nhn?docId=3610807&cid=51373&categoryId=51373,2021.02.07T22:57,board_read.nhn?code=005930&nid=162790897&st=&sw=&page=1,board_read.nhn?code=005930&nid=162790959&st=&sw=&page=1
https://finance.naver.com/item/board_read.nhn?code=005930&nid=162790897&st=&sw=&page=1,삼전..4만간다,몰랐지?,2021.02.07T22:56,board_read.nhn?code=005930&nid=162790817&st=&sw=&page=1,board_read.nhn?code=005930&nid=162790926&st=&sw=&page=1
https://finance.naver.com/item/board_read.nhn?code=005930&nid=162790817&st=&sw=&page=1,그래도 삼성은 걱정이 안됨,http://naver.me/54VYATzb 인텔과 AMD...둘다 좋은 소식 있기를 바랍니다,2021.02.07T22:55,board_read.nhn?code=005930&nid=162790787&st=&sw=&page=1,board_read.nhn?code=005930&nid=162790897&st=&sw=&page=1
https://finance.naver.com/item/board_read.nhn?code=005930&nid=162790787&st=&sw=&page=1,내일삼전양봉이면100%,내일 삼전 양봉으로 끝나면 100%로 올해안에 15만 전자간다 이유는 현기차 실망 매물이 안정성 있는 삼전으로 몰린니다 ㅋㅎ,2021.02.07T22:54,board_read.nhn?code=005930&nid=162790764&st=&sw=&page=1,board_read.nhn?code=005930&nid=162790817&st=&sw=&page=1
https://finance.naver.com/item/board_read.nhn?code=005930&nid=162790764&st=&sw=&page=1,손흥민,꼴넣고 이겼네 내일도 성투하세요,2021.02.07T22:54,board_read.nhn?code=005930&nid=162790557&st=&sw=&page=1,board_read.nhn?code=005930&nid=162790787&st=&sw=&page=1
https://finance.naver.com/item/board_read.nhn?code=005930&nid=162790557&st=&sw=&page=1,●●,담주? 오른다는거는 나두 안다? 그 담주 는 하?락,2021.02.07T22:50,board_read.nhn?code=005930&nid=162790530&st=&sw=&page=1,board_read.nhn?code=005930&nid=162790764&st=&sw=&page=1
https://finance.naver.com/item/board_read.nhn?code=005930&nid=162790530&st=&sw=&page=1,담대통령은?'이재명유력'애국주식보유세도입검토',애국을 위한길..! 이재명지사님대선되서국민들이원하는애국세도입해주세요. 걷어서 힘들고 없는사람들한테 나눠줘야합니다. 애국세도내고 애국도 하고 일석이조 그러니 세금열심히 내시기바랍니다. 주식보유세기준(애국세)1가구기준 5천만이하 보유시 10%애국세금 5천이상~1억이상 20%애국세금 1억이상 30%애국세금 주식거래후 5년내 매도 매수시 50%애국세금 이렇게 걷어야 합니다. 애국을 위한다면 기쁘게생각하고 국민위해서 반대하면 안됩니다. 반대한다면 나라를 팔아먹는짓입니다. 문재인대통령 기간중 영화도 재밌게봤습니다. 앞으로도 민주당 지지 잘 부탁합니다.,2021.02.07T22:49,board_read.nhn?code=005930&nid=162790518&st=&sw=&page=1,board_read.nhn?code=005930&nid=162790557&st=&sw=&page=1
https://finance.naver.com/item/board_read.nhn?code=005930&nid=162790518&st=&sw=&page=1,기아차망해스니 기쁘다 어지하든5만가라,기쁘다 이상끝 래일부터 기아차폭락구경하겟다,2021.02.07T22:49,board_read.nhn?code=005930&nid=162790477&st=&sw=&page=1,board_read.nhn?code=005930&nid=162790530&st=&sw=&page=1
https://finance.naver.com/item/board_read.nhn?code=005930&nid=162790477&st=&sw=&page=1,애플발 악재로 월요일 지수가 박살나게 생겼네,설마 삼전까지 영향권은 아니겠지? 하지만 시장 분위기를 냉각시킬 큰 악재임은 확실하다. 물론 문제는 그뿐만이 아니다. 자산거품은 인플레이션과 함께 자본주의의 성장에서 불가피한 것으로 근본적인 문제는 절대 아니라고 본다. 한국 증시에서 내가보는 진짜 큰 문제는 이번의 대 상승장에서 다시한번 부각된 기관의 주식 편입비율이다. 정부가 빨리 기관 자산운영의 규정을 손보지 않으면 공매도가 시작될 때 공매도 기관은 안전한 천장을 확보하게 되는 셈이다. 지수의 추가 상승은 이미 물건너간 분위기로 환율상승의 추세마저도 외인들의 매도를 부추기고 있다. 이미 너무 많은 개미들이 2300대 고점에 물렸다. 손절하기에도 애매한 자리거 개미들은 의외로 손절을 잘 하지 않기 때문에 기관 외인이 개인의 탈출기회를 주지 않고 공매도 개시 시점까지 밀어부칠 계획이라면 공매도 개시를 또 한번 연기시킴으로서 그들에게 타격을 주어야만 한다고 본다. 그렇지 않으면 개인이 수십조를 손해보는 일이고 주가가 하락하면 빚투를 한 서민들은 더욱 큰 타격을 입게된다. 그만큼 이번 공매도 연장의 정치적 승리는 큰 의미를 가지고 있다. 그러므로 개미들은 그동안 기관의 주식편입 비율에 대한 정치적 압박을 할 필요가 있다.,2021.02.07T22:48,board_read.nhn?code=005930&nid=162790459&st=&sw=&page=1,board_read.nhn?code=005930&nid=162790518&st=&sw=&page=1
https://finance.naver.com/item/board_read.nhn?code=005930&nid=162790459&st=&sw=&page=1,집나간자식돌아온다..,외인.개관 현기차 버리고 내일 다시 부모 품으로 돌아온다 반겨주시요 ㅋㅎ,2021.02.07T22:47,board_read.nhn?code=005930&nid=162790444&st=&sw=&page=1,board_read.nhn?code=005930&nid=162790477&st=&sw=&page=1
https://finance.naver.com/item/board_read.nhn?code=005930&nid=162790444&st=&sw=&page=1,삼성sdi란 삼성전자에 일부분입니다 자회사고...,삼성sdi가전기차해요 삼성전자는 상승이적고 sdi가많이햇다고 2차전지로,2021.02.07T22:47,board_read.nhn?code=005930&nid=162790416&st=&sw=&page=1,board_read.nhn?code=005930&nid=162790459&st=&sw=&page=1
https://finance.naver.com/item/board_read.nhn?code=005930&nid=162790416&st=&sw=&page=1,내일 겁낼것없다 //////////////////////////,난 그렇다 투자한 돈이 없거등 구경만 하는거지 구런데 물린사람들 머리아프다 오르면 다행인데 3년갈지 10년갈지 상장폐지될지 누가아누 내일 일은 아무도 모르는거다,2021.02.07T22:47,board_read.nhn?code=005930&nid=162790391&st=&sw=&page=1,board_read.nhn?code=005930&nid=162790444&st=&sw=&page=1
https://finance.naver.com/item/board_read.nhn?code=005930&nid=162790391&st=&sw=&page=1,라임사태 채널9 은성수 책임은 투자 자야,우리은행 우량주 투자라 사기 치고 여타 은행도마찬가지 라인 투자 사기극 이인광은 잡히지도 않고 그뒤에 누군가 숨어있고 숨기고 있지 않나요,2021.02.07T22:46,board_read.nhn?code=005930&nid=162790357&st=&sw=&page=1,board_read.nhn?code=005930&nid=162790416&st=&sw=&page=1
https://finance.naver.com/item/board_read.nhn?code=005930&nid=162790357&st=&sw=&page=1,증권사 사장색히가 내부정보로 주식거래,증권사넘들은 완전 사이코 색히들이다. 사장색히가 내부정보를 이용해 거래를 하고 직원에게 자기계좌를 맡겼다는 OOO가 금감원에 걸려서 검찰이 수사하기로 했다고 한다. 그런 색히가 사장을 연임했다고 하니 어처구니 없다.,2021.02.07T22:46,board_read.nhn?code=005930&nid=162790334&st=&sw=&page=1,board_read.nhn?code=005930&nid=162790391&st=&sw=&page=1
https://finance.naver.com/item/board_read.nhn?code=005930&nid=162790334&st=&sw=&page=1,연기금 총10조 팔았는데 삼성전자만 5조 팔았네,대단한다 개인이 5조 매집했네 돈 많네 ㅋㅋㅋ,2021.02.07T22:45,board_read.nhn?code=005930&nid=162790327&st=&sw=&page=1,board_read.nhn?code=005930&nid=162790357&st=&sw=&page=1
https://finance.naver.com/item/board_read.nhn?code=005930&nid=162790327&st=&sw=&page=1,삼성전자는전기차없지만 삼성sdi는전기차해요 삼성전자는 얼마상승못햇지만 ,삼성sdi는 전기차고체 배터리로 많이상승하고잇어요..,2021.02.07T22:45,board_read.nhn?code=005930&nid=162790325&st=&sw=&page=1,board_read.nhn?code=005930&nid=162790334&st=&sw=&page=1
https://finance.naver.com/item/board_read.nhn?code=005930&nid=162790325&st=&sw=&page=1,●●  주가는?,공ㆍ매 없어두? 오를때 오르고 빠질때 데면 빠진다 ?,2021.02.07T22:45,board_read.nhn?code=005930&nid=162790311&st=&sw=&page=1,board_read.nhn?code=005930&nid=162790327&st=&sw=&page=1
https://finance.naver.com/item/board_read.nhn?code=005930&nid=162790311&st=&sw=&page=1,삼성전자 망했네ㅋㅋㅋ 나스닥과 필라델피아 대폭락중ㅋㅋㅋ,삼전주가가 고작 1000원 오른것가지고 삼전주주들이 개처럼 G랄발광하면서 짖어대는걸보면 마치 중세시대흑인노예같음ㅋㅋㅋ凸凸凸凸凸凸凸凸凸凸凸凸凸凸凸凸凸凸凸凸凸凸凸凸凸凸凸凸凸凸凸凸凸凸凸凸凸凸凸凸凸凸凸凸凸凸凸凸,2021.02.07T22:45,board_read.nhn?code=005930&nid=162790286&st=&sw=&page=1,board_read.nhn?code=005930&nid=162790325&st=&sw=&page=1
https://finance.naver.com/item/board_read.nhn?code=005930&nid=162790286&st=&sw=&page=1,21세기 자살대국   헬조선,오늘 새벽에도 어느 유명 여자배구선수가 자살시도 작년엔 실제로 또 다른 여자선수 자살 자살 자살 자살 이 정도면 자살도 병이다 헬조선은 정상적인 사회가 아닌 듯 참고로 얼굴성형녀들이 유독 자살율이 높아,2021.02.07T22:44,board_read.nhn?code=005930&nid=162790272&st=&sw=&page=1,board_read.nhn?code=005930&nid=162790311&st=&sw=&page=1
https://finance.naver.com/item/board_read.nhn?code=005930&nid=162790272&st=&sw=&page=1,삼성은,전기차 투자 안하나 애플은 한다는데,2021.02.07T22:44,board_read.nhn?code=005930&nid=162790248&st=&sw=&page=1,board_read.nhn?code=005930&nid=162790286&st=&sw=&page=1
https://finance.naver.com/item/board_read.nhn?code=005930&nid=162790248&st=&sw=&page=1,■■문재인 노무현 두새끼의 레전드 업적,■■문재인 노무현 두새끼의 레전드 업적 노무현 ㅡ 2억하던 강남 아파트를 10억으로 만들어놓음 문재인 ㅡ 10억하던 강남아파트를 40억 만들어놓음 이 두새끼가 나라 조져놓음 부동산 대폭등,2021.02.07T22:44,board_read.nhn?code=005930&nid=162790191&st=&sw=&page=1,board_read.nhn?code=005930&nid=162790272&st=&sw=&page=1
https://finance.naver.com/item/board_read.nhn?code=005930&nid=162790191&st=&sw=&page=1,하느님이 삼성전자를 돕는군요  이렇케힘든시기에 애플카 전기차 기아현대그릅 협상부정,와~~~~세상에 이럴수가,2021.02.07T22:43,board_read.nhn?code=005930&nid=162790128&st=&sw=&page=1,board_read.nhn?code=005930&nid=162790248&st=&sw=&page=1
https://finance.naver.com/item/board_read.nhn?code=005930&nid=162790128&st=&sw=&page=1,삼전폰의 ,탁월한 가격 경쟁력이 돗보이네요 이번 LG폰의 몰락을 알고 이번 갤럭시21 가격 하향정책이 시장MS를 확실히 승기를 잡을듯 ..Good choice!!,2021.02.07T22:41,board_read.nhn?code=005930&nid=162790092&st=&sw=&page=1,board_read.nhn?code=005930&nid=162790191&st=&sw=&page=1
https://finance.naver.com/item/board_read.nhn?code=005930&nid=162790092&st=&sw=&page=1,애플카 기아차전기차협상부정은 하느님이 삼전전자에준 제일큰선물이다,고맙습니다 하느님 설에 이리큰선물을주셔서 ..하느님 삼성전자를 돕는구나,2021.02.07T22:41,board_read.nhn?code=005930&nid=162790066&st=&sw=&page=1,board_read.nhn?code=005930&nid=162790128&st=&sw=&page=1
https://finance.naver.com/item/board_read.nhn?code=005930&nid=162790066&st=&sw=&page=1,공매도 반드시 고쳐야 대박난다,공감하여 퍼왔습니다. 우리나라 공매도가 폐지되야 하는 이유!!! 전부 뜯어고쳐야 된다!! 1.선진증시에는 공매도 의무 상환기간이 있지만 한국에는 없다. 이자만 감당하면 된다. 2.선진증시에는 증거금이 필요하지만 한국에는 없다. 3.선진증시에는 무차입 공매도를 걸러내는 시스템이 있지만 한국은 T+2일 결제제도를 이용해 없는주식을 매도 후 2일 안에 채워 넣으면 절대로 걸리지 않는 시스템이다. 4.한국증시에는 시장조성자 제도가 있어 증권사 중에 시장조성자로 지정받은 증권사는 공매도 금지기간에도 공매도가 가능한 말도 않되는 제도가 있고 거래세도 없다. 5.한국증시 공매도 세력들은 업틱룰 위반  자전거래  무차입 공매도를 저질러도 거의 적발되지 않으며 적발된다 하더라도 과태료 몇푼 내면 그만이었다. 참고로 미국 프랑스 등 처벌기준은 징역 최대 20년 부당이득의 10배 벌금이다. 6.한국증시의 공매 거래 장부는 수기 작성한다. 전산화 하겠다고 십년전부터 얘기한게 언제인데 지금까지 수기로 작성한다 실시간 모니터링이 불가하다. 그러니 무차입 공매도가 그렇게 활개를 쳐도 못 잡아낸다 좋은 내용이라 퍼온 글 입니다. 우리나라에서 공매도가 사라져야하는 구체적인 이유입니다.,2021.02.07T22:40,board_read.nhn?code=005930&nid=162790041&st=&sw=&page=1,board_read.nhn?code=005930&nid=162790092&st=&sw=&page=1
https://finance.naver.com/item/board_read.nhn?code=005930&nid=162790041&st=&sw=&page=1,주봉보니,계속하락이구만,2021.02.07T22:40,board_read.nhn?code=005930&nid=162790030&st=&sw=&page=1,board_read.nhn?code=005930&nid=162790066&st=&sw=&page=1
https://finance.naver.com/item/board_read.nhn?code=005930&nid=162790030&st=&sw=&page=1,결국 중요한것은 반도체.........,최근 핫이슈인 전기차와 자율주행관련해서.. 애플과 기아가 지금 난리인데 결국 제일 중요한건 각 기술에 들어가는 반도체 입니다 ㅋ 이게 내용 제일 좋네요 https://youtu.be/DiBtaZoA-K8,2021.02.07T22:40,board_read.nhn?code=005930&nid=162789974&st=&sw=&page=1,board_read.nhn?code=005930&nid=162790041&st=&sw=&page=1
https://finance.naver.com/item/board_read.nhn?code=005930&nid=162789974&st=&sw=&page=1,기아차망하니 너무너무기쁘다 이재제대로돌아가는구나,삼성전자상승해라,2021.02.07T22:39,board_read.nhn?code=005930&nid=162789819&st=&sw=&page=1,board_read.nhn?code=005930&nid=162790030&st=&sw=&page=1
https://finance.naver.com/item/board_read.nhn?code=005930&nid=162789819&st=&sw=&page=1,내인부터 ,현.기차 도망친 개미들 몰려옵니다 즐겁게 맞이해줍시다,2021.02.07T22:36,board_read.nhn?code=005930&nid=162789807&st=&sw=&page=1,board_read.nhn?code=005930&nid=162789974&st=&sw=&page=1
https://finance.naver.com/item/board_read.nhn?code=005930&nid=162789807&st=&sw=&page=1,역대급 북한 만행 사건이 일어난 보수꼴통정권(북한한테 꼼짝도 못했음),판문점 도끼만행 사건 .. 박정희 정권 칼기 폭파 사건 : 전두환 정권 버어마 아웅산 폭파 사건 : 전두환 정권 천안함 폭침사건 : 이명박 정권 연평도 포격 사건 : 이명박 정권 맹박이는 북한한테 사과받기는 커녕 군사회담때 김영철 온다니까 대대적으로 환영.. 박왕자씨 금강산 피격사건...: 이명박 정권 새월호 침몰 박근혜 정권 선거철 북한한테 총쏴달라고 한 국짐당이 진짜 빨갱이다. 김정일이에게 애틋한 편지쓴 전대갈과 닭근혜... 전부 국민의 짐 정권이였을때 였음... 그때 뭘했지? 북한한테 사과라도 받앗냐?,2021.02.07T22:36,board_read.nhn?code=005930&nid=162789773&st=&sw=&page=1,board_read.nhn?code=005930&nid=162789819&st=&sw=&page=1
https://finance.naver.com/item/board_read.nhn?code=005930&nid=162789773&st=&sw=&page=1,10만원 곧 갑니다.....,^^*,2021.02.07T22:35,board_read.nhn?code=005930&nid=162789721&st=&sw=&page=1,board_read.nhn?code=005930&nid=162789807&st=&sw=&page=1
https://finance.naver.com/item/board_read.nhn?code=005930&nid=162789721&st=&sw=&page=1,님들산다고 안오름 ㅋㅋ,월 떨어짐..2천원 화 오름..400원 수 떨어짐 천원 목 떨어짐 1500원 금 오름..500원 결국 이런식으로 7만보러감.,2021.02.07T22:34,board_read.nhn?code=005930&nid=162789598&st=&sw=&page=1,board_read.nhn?code=005930&nid=162789773&st=&sw=&page=1
https://finance.naver.com/item/board_read.nhn?code=005930&nid=162789598&st=&sw=&page=1,삼성전자 영상 참고하셔요!,https://youtu.be/0gqdDpvNrsM 참고하셔요!!,2021.02.07T22:32,board_read.nhn?code=005930&nid=162789552&st=&sw=&page=1,board_read.nhn?code=005930&nid=162789721&st=&sw=&page=1
https://finance.naver.com/item/board_read.nhn?code=005930&nid=162789552&st=&sw=&page=1,내일 폭락 안하며 /////////////////////////////,내가 그짖말하거나 개하수인거지 증권가에서 내이름이 유명 해지고 싶지않타 내일 제발 좀올라라 난 개하수가 되고싶다 왜? 세계최고의 전략가는 자신이 들어나는것을 원치않아 흐흐흐~~~,2021.02.07T22:31,board_read.nhn?code=005930&nid=162789469&st=&sw=&page=1,board_read.nhn?code=005930&nid=162789598&st=&sw=&page=1
https://finance.naver.com/item/board_read.nhn?code=005930&nid=162789469&st=&sw=&page=1,금욜매도한 개미들이 바보인가,조정은불가피 다음주 오를수도있으나 당분간 계단식하락,2021.02.07T22:29,board_read.nhn?code=005930&nid=162789432&st=&sw=&page=1,board_read.nhn?code=005930&nid=162789552&st=&sw=&page=1
https://finance.naver.com/item/board_read.nhn?code=005930&nid=162789432&st=&sw=&page=1,경상도욕하느놈봐라,너는너에미 아비 OOO다,2021.02.07T22:28,board_read.nhn?code=005930&nid=162789330&st=&sw=&page=1,board_read.nhn?code=005930&nid=162789469&st=&sw=&page=1
https://finance.naver.com/item/board_read.nhn?code=005930&nid=162789330&st=&sw=&page=1,현기차때문에 삼전이 죽쑨다,세계 최고기업 삼전을 살려라,2021.02.07T22:26,board_read.nhn?code=005930&nid=162789211&st=&sw=&page=1,board_read.nhn?code=005930&nid=162789432&st=&sw=&page=1
https://finance.naver.com/item/board_read.nhn?code=005930&nid=162789211&st=&sw=&page=1,개인이팔면오르고 사면내린다,오르면개인은단타성향에팔고 기관외인담고 주가오르니 담날 개인사고 그러니내리고 차라리 다 때려치면 영원한보합,2021.02.07T22:24,board_read.nhn?code=005930&nid=162789173&st=&sw=&page=1,board_read.nhn?code=005930&nid=162789330&st=&sw=&page=1
https://finance.naver.com/item/board_read.nhn?code=005930&nid=162789173&st=&sw=&page=1,담대선'이재명지사'유력 주식보유세도입!국민원함 대통령감,애국을 위한길..! 이재명지사님대선되서국민들이원하는애국세도입해주세요. 걷어서 힘들고 없는사람들한테 나눠줘야합니다. 애국세도내고 애국도 하고 일석이조 그러니 세금열심히 내시기바랍니다. 주식보유세기준(애국세)1가구기준 5천만이하 보유시 10%애국세금 5천이상~1억이상 20%애국세금 1억이상 30%애국세금 주식거래후 5년내 매도 매수시 50%애국세금 이렇게 걷어야 합니다. 애국을 위한다면 기쁘게생각하고 국민위해서 반대하면 안됩니다. 반대한다면 나라를 팔아먹는짓입니다. 문재인대통령 기간중 영화도 재밌게봤습니다. 앞으로도 민주당 지지 잘 부탁합니다.,2021.02.07T22:23,board_read.nhn?code=005930&nid=162789141&st=&sw=&page=1,board_read.nhn?code=005930&nid=162789211&st=&sw=&page=1
https://finance.naver.com/item/board_read.nhn?code=005930&nid=162789141&st=&sw=&page=1,내 현대기아차 5만가는거보게다 반토막만들겟다고 애플사기극도끝낫지,어전어지게??래일부터 폭락합시다 기아현대는..내너르이번에 5만보내줄게 너가좀짜증나 현대그릅 5만가자 바닥드좀치고 쓴맛으좀봐야지,2021.02.07T22:23,board_read.nhn?code=005930&nid=162789057&st=&sw=&page=1,board_read.nhn?code=005930&nid=162789173&st=&sw=&page=1
https://finance.naver.com/item/board_read.nhn?code=005930&nid=162789057&st=&sw=&page=1,레인보우로보틱스 검색요,레인보우로보틱스 상장 첫날 상 둘째 조정 셋째 상 월욜에 상 함 검색해 보세요,2021.02.07T22:21,board_read.nhn?code=005930&nid=162789044&st=&sw=&page=1,board_read.nhn?code=005930&nid=162789141&st=&sw=&page=1
https://finance.naver.com/item/board_read.nhn?code=005930&nid=162789044&st=&sw=&page=1,삼성전자는 반드시상승해야덴다 기아차는망해라 이게내생각이다,애플사기극그만하고 현대는망해라 음~~,2021.02.07T22:21,board_read.nhn?code=005930&nid=162789024&st=&sw=&page=1,board_read.nhn?code=005930&nid=162789057&st=&sw=&page=1
https://finance.naver.com/item/board_read.nhn?code=005930&nid=162789024&st=&sw=&page=1,안녕주린이들?,삼성전자 100년보고 들어온거아니야? 왜그렇게욕해? 우리같은 단타 스캘핑족들은 도박꾼이라며 근데 왜 너네가 물려있는 게 싫다고 일희일비하냐 100년뒤에는 83 600원으로 올라있을건데,2021.02.07T22:20,board_read.nhn?code=005930&nid=162788967&st=&sw=&page=1,board_read.nhn?code=005930&nid=162789044&st=&sw=&page=1
https://finance.naver.com/item/board_read.nhn?code=005930&nid=162788967&st=&sw=&page=1,LG점유율 14.7%,삼전이 거의 먹는다 ㅋㅋㅋ 1분기 2분기 3분기 무조건 영업이익 UP 지금의 조정은 줍줍 줍~~,2021.02.07T22:19,board_read.nhn?code=005930&nid=162788886&st=&sw=&page=1,board_read.nhn?code=005930&nid=162789024&st=&sw=&page=1
https://finance.naver.com/item/board_read.nhn?code=005930&nid=162788886&st=&sw=&page=1,와~우~~~ 축포 한방 터졌다~,손흥민 드디어 6경기만에~아~우 속시원해~ㅎㅎㅎㅎㅎㅎㅎㅎㅎㅎ,2021.02.07T22:18,board_read.nhn?code=005930&nid=162788941&st=&sw=&page=1,board_read.nhn?code=005930&nid=162788967&st=&sw=&page=1
https://finance.naver.com/item/board_read.nhn?code=005930&nid=162788941&st=&sw=&page=1,경상도에 독약살포해야 하는 이유,전라도에는 똥을 살포하자,2021.02.07T22:19,board_read.nhn?code=005930&nid=162788861&st=&sw=&page=1,board_read.nhn?code=005930&nid=162788886&st=&sw=&page=1
https://finance.naver.com/item/board_read.nhn?code=005930&nid=162788861&st=&sw=&page=1,개미들만 매일 매일 지수가 올라간다고 하네.,최고 가에서 한참 내렸다 개미들은 지수 올라간다고 매일 매수 하고 돈 냄새 맡은귀재들은 외인 기관 투신 연기금 금융 얘들은 개인과 반대로 매일 매도 전형적인 계단식 하락 ....,2021.02.07T22:17,board_read.nhn?code=005930&nid=162788807&st=&sw=&page=1,board_read.nhn?code=005930&nid=162788885&st=&sw=&page=1
https://finance.naver.com/item/board_read.nhn?code=005930&nid=162788807&st=&sw=&page=1,갤럭시카는 앞으로 맹그는기여,아님 아무생각 없는기여~~,2021.02.07T22:16,board_read.nhn?code=005930&nid=162788762&st=&sw=&page=1,board_read.nhn?code=005930&nid=162788861&st=&sw=&page=1
https://finance.naver.com/item/board_read.nhn?code=005930&nid=162788762&st=&sw=&page=1,주식인들 단체 카톡방,35big 로 카톡주면 초대해줌,2021.02.07T22:16,board_read.nhn?code=005930&nid=162788679&st=&sw=&page=1,board_read.nhn?code=005930&nid=162788807&st=&sw=&page=1
https://finance.naver.com/item/board_read.nhn?code=005930&nid=162788679&st=&sw=&page=1,주식인들 단체 카톡방,35big 로 카톡주면 초대해줌,2021.02.07T22:14,board_read.nhn?code=005930&nid=162788673&st=&sw=&page=1,board_read.nhn?code=005930&nid=162788762&st=&sw=&page=1
https://finance.naver.com/item/board_read.nhn?code=005930&nid=162788673&st=&sw=&page=1,충격)美증시 올해 -80%폭락예상..최악의 금융위기,월가의 47년 경력 베테랑이 사상 최악의 금융위기가 오고 있다는 진단을 내렸다. 데이비드 헌터 수석 매크로 전략가는 팟캐스트 방송에서 미국 증시가 80% 폭락할 것이라며 이같이 경고했다. 그는 유럽을 중심으로 아시아와 미국의 주요 은행들이 도산하고 비자발적 부채 청산이 발생할 것이라며 이미 지난 3월 위기가 시작됐다고 말했다. 헌터 전략가는 위기의 첫 번째 국면은 주가가 치솟는 것이라며 .....예상했다. 중앙은행이 공급한 유동성과 정부 부양책  투자 심리의 변화  강세 모멘텀의 증폭 등이 향후 2~3개월 동안 주가를 밀어 올릴 것으로 그는 전망했다. 헌터 전략가는 위기의 두 번째 국면에 대해 되돌리는 움직임이라고 지칭하면서 올해에 기업 파산과 은행 도산  비자발적 자산 유동화와 함께 주가가 80% 주저앉을 것이라고 관측했다.,2021.02.07T22:14,board_read.nhn?code=005930&nid=162788630&st=&sw=&page=1,board_read.nhn?code=005930&nid=162788679&st=&sw=&page=1
https://finance.naver.com/item/board_read.nhn?code=005930&nid=162788630&st=&sw=&page=1,공식뉴스에서 애플이 현대기아차협상 부정햇습니다  현재다른기업하고 협상중으로발표,현대기아차는 전부거품이댓습니다,2021.02.07T22:13,board_read.nhn?code=005930&nid=162788577&st=&sw=&page=1,board_read.nhn?code=005930&nid=162788673&st=&sw=&page=1
https://finance.naver.com/item/board_read.nhn?code=005930&nid=162788577&st=&sw=&page=1,공매도 부활 또하루가네  52일남았다 ㅠㅠ,공매도 부활~또하루 가네..ㅠ... 미리 미리 탈출해라,2021.02.07T22:12,board_read.nhn?code=005930&nid=162788500&st=&sw=&page=1,board_read.nhn?code=005930&nid=162788630&st=&sw=&page=1
https://finance.naver.com/item/board_read.nhn?code=005930&nid=162788500&st=&sw=&page=1,삼성전자대호재박정보공유,삼성전자대호재박정보공유 http://ooa515.yyo.kr/y.php?s=삼성전자,2021.02.07T22:11,board_read.nhn?code=005930&nid=162788484&st=&sw=&page=1,board_read.nhn?code=005930&nid=162788577&st=&sw=&page=1
https://finance.naver.com/item/board_read.nhn?code=005930&nid=162788484&st=&sw=&page=1,내일 코스피 /////////////////////////////////,내가 폭락 시킬꺼다,2021.02.07T22:10,board_read.nhn?code=005930&nid=162788315&st=&sw=&page=1,board_read.nhn?code=005930&nid=162788500&st=&sw=&page=1
https://finance.naver.com/item/board_read.nhn?code=005930&nid=162788315&st=&sw=&page=1,국토부 “현금청산? 위헌아냐…1주택자도 예외없다”,토지국유화 시작되네? http://naver.me/5SWwtXlJ 국토부 “현금청산? 위헌아냐…1주택자도 예외없다” 입력2021.02.07. 오후 5:47 4일 이후 A재건축단지 샀는데 공공정비사업 하면 ‘현금청산’ “1가구1주택자도 예외 없어” [이데일리 강신우 기자] 일명 2·4공급대책인 ‘공공주도 3080+ 대도시권 주택공급 획기적 확대방안’을 두고 위헌 논란 등 시장의 우려에 대해 국토교통부가 일축했다. 7일 국토부 관계자는 이데일리와의 통화에서 대책발표일 이후 공공 사업구역 내 부동산 취득 시 현금청산과 관련해 “공공주택특별법과 도시및주거환경정비법이 법적근거가 될 것이며 오는 3월 국회 통과 시 소급적용된다”고 했다. 이어 위헌 소지는 없느냐는 질문에 “이미 법적 검토를 끝냈으며 주택소유 시점으로 현금청산 여부를 가리기 때문에 위헌 가능성은 없다”고 했다.,2021.02.07T22:07,board_read.nhn?code=005930&nid=162788295&st=&sw=&page=1,board_read.nhn?code=005930&nid=162788484&st=&sw=&page=1
https://finance.naver.com/item/board_read.nhn?code=005930&nid=162788295&st=&sw=&page=1,내일은 ,시가 83 200원 고가 84 300원 저가 82 500원 종가 83 100원 이상,2021.02.07T22:07,board_read.nhn?code=005930&nid=162788264&st=&sw=&page=1,board_read.nhn?code=005930&nid=162788315&st=&sw=&page=1
https://finance.naver.com/item/board_read.nhn?code=005930&nid=162788264&st=&sw=&page=1,담대선당선'이재명지사'유력 주식보유세도입!국민원함,애국을 위한길..! 이재명지사님대선되서국민들이원하는애국세도입해주세요. 걷어서 힘들고 없는사람들한테 나눠줘야합니다. 애국세도내고 애국도 하고 일석이조 그러니 세금열심히 내시기바랍니다. 주식보유세기준(애국세)1가구기준 5천만이하 보유시 10%애국세금 5천이상~1억이상 20%애국세금 1억이상 30%애국세금 주식거래후 5년내 매도 매수시 50%애국세금 이렇게 걷어야 합니다. 애국을 위한다면 기쁘게생각하고 국민위해서 반대하면 안됩니다. 반대한다면 나라를 팔아먹는짓입니다. 문재인대통령 기간중 영화도 재밌게봤습니다. 앞으로도 민주당 지지 잘 부탁합니다.,2021.02.07T22:06,board_read.nhn?code=005930&nid=162788218&st=&sw=&page=1,board_read.nhn?code=005930&nid=162788295&st=&sw=&page=1
https://finance.naver.com/item/board_read.nhn?code=005930&nid=162788218&st=&sw=&page=1,이건희,회장이 차를 그렇게 좋아했는데 전기차 안하누?,2021.02.07T22:06,board_read.nhn?code=005930&nid=162788066&st=&sw=&page=1,board_read.nhn?code=005930&nid=162788264&st=&sw=&page=1
https://finance.naver.com/item/board_read.nhn?code=005930&nid=162788066&st=&sw=&page=1,재드래곤 출장 다니며 인맥쌓고 회담해야하는데,TSMC 30년동안 쌓은 신뢰관계를 뚫고 개척하려면 AMD같은 데 삼전 사장 부사장이 가면 먹히려나 대만 국가적 차원에서 국가의 운명을 걸고 전방위 총체적 지원을 받고 매출 3%는 지원해주는데 우리는 국가적으로다가 감방이냐 더군다나 말 소유권이 정유라한테 간적이 없는데 뇌물 누명씌워서 3년안에 반드시 한다는 대규모 합병도 재드래곤이 있어야,2021.02.07T22:03,board_read.nhn?code=005930&nid=162788023&st=&sw=&page=1,board_read.nhn?code=005930&nid=162788218&st=&sw=&page=1
https://finance.naver.com/item/board_read.nhn?code=005930&nid=162788023&st=&sw=&page=1,엘지폰'퇴출로 '삼전'은 돈방석에~~,당장 내일은 얼마나 오를가? 먼저사는자가 싸게사는자! 이기는자?,2021.02.07T22:02,board_read.nhn?code=005930&nid=162787998&st=&sw=&page=1,board_read.nhn?code=005930&nid=162788066&st=&sw=&page=1
https://finance.naver.com/item/board_read.nhn?code=005930&nid=162787998&st=&sw=&page=1,하락장으로 가면 삼성그룹 관련주 20토막 나온,삼성 그룹 중에서 약20토막 이상 나온 경우도 있고 5토막 이상 나온 것도 몇개 있는데 삼성 전자 반토막 이상 몇번이나 나왔는지 확인해 보시길... 지금 웃을일 아니다.,2021.02.07T22:02,board_read.nhn?code=005930&nid=162787856&st=&sw=&page=1,board_read.nhn?code=005930&nid=162788023&st=&sw=&page=1
https://finance.naver.com/item/board_read.nhn?code=005930&nid=162787856&st=&sw=&page=1,현대차와기아차의 몰락,현대차와 기아차의 몰락으로 당분간 얼음장 시장형성 할것으로 예상 삼성전자로 일부이동 그리고 2021 최고의 히든 카드 지난해 기관 외국인의 공매도로 반토막난 #카카오 게임즈# 서서히 반등시작 초대박 시동중,2021.02.07T21:59,board_read.nhn?code=005930&nid=162787786&st=&sw=&page=1,board_read.nhn?code=005930&nid=162787998&st=&sw=&page=1
https://finance.naver.com/item/board_read.nhn?code=005930&nid=162787786&st=&sw=&page=1,박범  하는짖이 윤석열 대통령  만들어  주는구나,윤석열 대통령 선 축하 해요,2021.02.07T21:58,board_read.nhn?code=005930&nid=162787700&st=&sw=&page=1,board_read.nhn?code=005930&nid=162787856&st=&sw=&page=1
https://finance.naver.com/item/board_read.nhn?code=005930&nid=162787700&st=&sw=&page=1,매수,60000,2021.02.07T21:57,board_read.nhn?code=005930&nid=162787615&st=&sw=&page=1,board_read.nhn?code=005930&nid=162787786&st=&sw=&page=1
https://finance.naver.com/item/board_read.nhn?code=005930&nid=162787615&st=&sw=&page=1,삼전팩트,8.8이상 고점 개미 매물대대량 포진 기관외인 지속매도 보스학교행 매물대뚫을만한 다분한 호재없음. 하방압력만 다분함. 깨미 씹사망.,2021.02.07T21:55,board_read.nhn?code=005930&nid=162787614&st=&sw=&page=1,board_read.nhn?code=005930&nid=162787700&st=&sw=&page=1
https://finance.naver.com/item/board_read.nhn?code=005930&nid=162787614&st=&sw=&page=1,나라 망친 인물  김대중 노무현 문재인 ,이것들은 종북좌빨 간첩 역적들이다 전라도는 이것들을 숨겨주고 키워주었다 전라도는 종북좌빨 간첩들이다,2021.02.07T21:55,board_read.nhn?code=005930&nid=162787580&st=&sw=&page=1,board_read.nhn?code=005930&nid=162787615&st=&sw=&page=1
https://finance.naver.com/item/board_read.nhn?code=005930&nid=162787580&st=&sw=&page=1,들리는가 현대 기아.sk 기타 등등에서  삼성으로 모두 옮겨오는소리를,불안장에 모두 삼성으로 갈아 탄다네요 소수 뚝심족들이 있기는 하지만...,2021.02.07T21:55,board_read.nhn?code=005930&nid=162787500&st=&sw=&page=1,board_read.nhn?code=005930&nid=162787614&st=&sw=&page=1
https://finance.naver.com/item/board_read.nhn?code=005930&nid=162787500&st=&sw=&page=1,낼 종합주가 -5퍼 하락,기아차 현대차 애플과 협상은 미국에서 한국시장 주식 시장교란으로 큰이익을 얻기위한 찌라시로 밝혀짐 그동안 미국시장에서 얻은 한국사람들 이번 퐁락으로 완전 괴멸 시킨다함 ㅋ 미국 양키들 요즘은 정말 양아치네 허긴뭐 정확한 소식도 아닌거에 전재산 투기한 투기꾼 개미들의 몰락은 100년전이나 똑 같음 늘 선수들의 먹이였을뿐이지,2021.02.07T21:53,board_read.nhn?code=005930&nid=162787311&st=&sw=&page=1,board_read.nhn?code=005930&nid=162787580&st=&sw=&page=1
https://finance.naver.com/item/board_read.nhn?code=005930&nid=162787311&st=&sw=&page=1,★국민들이원한다!주식보유세도입!★,애국을 위한길..! 이재명지사님대선되서국민들이원하는애국세도입해주세요. 걷어서 힘들고 없는사람들한테 나눠줘야합니다. 애국세도내고 애국도 하고 일석이조 그러니 세금열심히 내시기바랍니다. 주식보유세기준(애국세)1가구기준 5천만이하 보유시 10%애국세금 5천이상~1억이상 20%애국세금 1억이상 30%애국세금 주식거래후 5년내 매도 매수시 50%애국세금 이렇게 걷어야 합니다. 애국을 위한다면 기쁘게생각하고 국민위해서 반대하면 안됩니다. 반대한다면 나라를 팔아먹는짓입니다. 문재인대통령 기간중 영화도 재밌게봤습니다. 앞으로도 민주당 지지 잘 부탁합니다.,2021.02.07T21:50,board_read.nhn?code=005930&nid=162787295&st=&sw=&page=1,board_read.nhn?code=005930&nid=162787500&st=&sw=&page=1
https://finance.naver.com/item/board_read.nhn?code=005930&nid=162787295&st=&sw=&page=1,삼정전자는 9월에,사는거다 수급이 제일 많이 몰리는 달이라생각한다 당분간 하락 조정받겠지 지루하게 5개월 횡보후 3분기때부터 확 오를거다 지금은 관망해라,2021.02.07T21:50,board_read.nhn?code=005930&nid=162787277&st=&sw=&page=1,board_read.nhn?code=005930&nid=162787311&st=&sw=&page=1
https://finance.naver.com/item/board_read.nhn?code=005930&nid=162787277&st=&sw=&page=1,전라도 반드시 융단폭격해야 하는 이유,적화를 제거하고 자유민주주의 수호를 위한 대업. 대한독립만세!,2021.02.07T21:49,board_read.nhn?code=005930&nid=162787122&st=&sw=&page=1,board_read.nhn?code=005930&nid=162787295&st=&sw=&page=1
https://finance.naver.com/item/board_read.nhn?code=005930&nid=162787122&st=&sw=&page=1,문재인 ,집권 4년차 돌아보면 하..... 뭐라고 말하기가 애매해서 음 소시오패스 집단들? 취임식 과정.공정.정의???? 하........ 박근혜는 아무것도 모르는 사람이라 정책에 있어서는 건들지 않고 최순실이 인사만 거들고 정책은 장.차관.참모진들 하는거라 크게 사고치고 그런거없는데 문재인 하 이 인간은 아무것도 모르면 가만히나 있지 정책 건들때마다 망치고 박근혜 처럼 모르니깐 아예 건들지 말든가 도대체 이게 나라냐? 무식하면 용감하다는데 문재인 하 똥고집에.무능.뻔뻔.내로남불.북원전.한번도 경험해 보지 못한 나라. 지들 유리한거만 통과시키고 경제도 망가뜨리고. 부동산도 망가뜨리고 잘하는것도 없고.. 하 문꼴통 진짜 아 잘하는거 있네 세월호.5.18.코로나 쪽쪽 빨아먹고 ㅋㅋ 내 기억속에 4년동안 한게없어 잘한거 있으면 말좀해봐라 진짜 칵 퉤 ~,2021.02.07T21:47,board_read.nhn?code=005930&nid=162787120&st=&sw=&page=1,board_read.nhn?code=005930&nid=162787277&st=&sw=&page=1
https://finance.naver.com/item/board_read.nhn?code=005930&nid=162787120&st=&sw=&page=1,연준의 주장과 다른 시장의 반응,https://m.blog.naver.com/brother_jck/222235575916,2021.02.07T21:46,board_read.nhn?code=005930&nid=162787076&st=&sw=&page=1,board_read.nhn?code=005930&nid=162787122&st=&sw=&page=1
https://finance.naver.com/item/board_read.nhn?code=005930&nid=162787076&st=&sw=&page=1,코스피 쌍두마차 삼전 VS 한솔,신용미수는 지양하고 꾸준하고 차분하게 공부하라 코스피 1등  메모리 반도체 1등  지수방어용 주식  분기배당  신용도 SS+ +어마어마한 유보율  대한민국 날고기는 인재들이 다 모이는 회사 수십년을 쌓아온 엄청난 연구데이터  특허 기술력 그냥 이런 주식은 평생을 소유하라 자식의 자식의 자식의 자식의 자식 대대손손 증여하라. 1등 기업은 살아남을 확률이 높다 독점..승자독식.. 배당받고 공부하며 기다립시다 개미여러분 승리합시다 현명한 공부방 _ 경제스터디' 네이버 밴드로 초대합니다. https://band.us/n/a4ac31j0H3t5W 밴드명을 검색해 가입할 수 있습니다,2021.02.07T21:46,board_read.nhn?code=005930&nid=162787003&st=&sw=&page=1,board_read.nhn?code=005930&nid=162787120&st=&sw=&page=1
https://finance.naver.com/item/board_read.nhn?code=005930&nid=162787003&st=&sw=&page=1,내일은 나 단타치느라 바쁠 것 같아서 여기 안옴.,나 없다고 희망을 버리지 마시고. 화이팅!!,2021.02.07T21:44,board_read.nhn?code=005930&nid=162786972&st=&sw=&page=1,board_read.nhn?code=005930&nid=162787076&st=&sw=&page=1
https://finance.naver.com/item/board_read.nhn?code=005930&nid=162786972&st=&sw=&page=1,삼전최대주주 삼성생명도 함 갈때 된거같은디,삼전 8.51퍼센트 보유 최대주주인 삼생 힘 좀 실어주세요,2021.02.07T21:44,board_read.nhn?code=005930&nid=162786909&st=&sw=&page=1,board_read.nhn?code=005930&nid=162787003&st=&sw=&page=1
https://finance.naver.com/item/board_read.nhn?code=005930&nid=162786909&st=&sw=&page=1,97 000원에 물렸습니다,뭔 소리냐고요? 96800원까지 밖에 안갔다고요? 시간외에 물렸습니다. 웃자고 한 소리입니다. ㅎㅎㅎ.,2021.02.07T21:42,board_read.nhn?code=005930&nid=162786861&st=&sw=&page=1,board_read.nhn?code=005930&nid=162786972&st=&sw=&page=1
https://finance.naver.com/item/board_read.nhn?code=005930&nid=162786861&st=&sw=&page=1,입성 시기 보고있는데  ,명절 지나고 하는게 나을까요 /?,2021.02.07T21:42,board_read.nhn?code=005930&nid=162786767&st=&sw=&page=1,board_read.nhn?code=005930&nid=162786909&st=&sw=&page=1
https://finance.naver.com/item/board_read.nhn?code=005930&nid=162786767&st=&sw=&page=1,저가 폰이라..,https://news.joins.com/article/23987518,2021.02.07T21:40,board_read.nhn?code=005930&nid=162786750&st=&sw=&page=1,board_read.nhn?code=005930&nid=162786861&st=&sw=&page=1
https://finance.naver.com/item/board_read.nhn?code=005930&nid=162786750&st=&sw=&page=1,이재명지사대선당선되서주식보유세도입해야합니다.,애국을 위한길..! 이재명지사님대선되서국민들이원하는애국세도입해주세요. 걷어서 힘들고 없는사람들한테 나눠줘야합니다. 애국세도내고 애국도 하고 일석이조 그러니 세금열심히 내시기바랍니다. 주식보유세기준(애국세)1가구기준 5천만이하 보유시 10%애국세금 5천이상~1억이상 20%애국세금 1억이상 30%애국세금 주식거래후 5년내 매도 매수시 50%애국세금 이렇게 걷어야 합니다. 애국을 위한다면 기쁘게생각하고 국민위해서 반대하면 안됩니다. 반대한다면 나라를 팔아먹는짓입니다. 문재인대통령 기간중 영화도 재밌게봤습니다. 앞으로도 민주당 지지 잘 부탁합니다.,2021.02.07T21:40,board_read.nhn?code=005930&nid=162786678&st=&sw=&page=1,board_read.nhn?code=005930&nid=162786767&st=&sw=&page=1
https://finance.naver.com/item/board_read.nhn?code=005930&nid=162786678&st=&sw=&page=1,삼성은 더이상 하방은 없고...점잔게 느긋하?기다리면?되겠네요,많이는 못먹어도... 그래도 불안하지는 않네요... 다른 해는 몰라도 2021년 2022년도는 분기배당금까지 다 먹으면서 기다려볼랍니다 적당히 추매도 했겠다... 신용을 조금씩 써볼까도 생각중인데 명절 지나고 분위기 보고 달려가 볼랍니다,2021.02.07T21:39,board_read.nhn?code=005930&nid=162786662&st=&sw=&page=1,board_read.nhn?code=005930&nid=162786750&st=&sw=&page=1
https://finance.naver.com/item/board_read.nhn?code=005930&nid=162786662&st=&sw=&page=1,삼성이 일본과싸울때 개보수가 일본편들었지,문재인의 적극적인 국산화 정책으로 지금 일본 반도체 부품소재업체 망함,2021.02.07T21:38,board_read.nhn?code=005930&nid=162786601&st=&sw=&page=1,board_read.nhn?code=005930&nid=162786678&st=&sw=&page=1
https://finance.naver.com/item/board_read.nhn?code=005930&nid=162786601&st=&sw=&page=1,기아차 동학개미가 삼전으로 몰려옵니다~!,화이팅!~ 기아차 동학개미  삼전 동학개미  합세하여 상한가 107 000원 가즈아~!,2021.02.07T21:37,board_read.nhn?code=005930&nid=162786551&st=&sw=&page=1,board_read.nhn?code=005930&nid=162786662&st=&sw=&page=1
https://finance.naver.com/item/board_read.nhn?code=005930&nid=162786551&st=&sw=&page=1,백신 공급되면 삼성전자도 끝이여~ 진짜!,그말은 뭐냐 외인들이 지속해서 판다는 말이다~ 이미 계산 나왔다~ 개미들이 외인 연금꺼 다 받아먹는다 고점에서.... 그리고 금리 올라서 대출금 회수되면 손절한다~!,2021.02.07T21:36,board_read.nhn?code=005930&nid=162786497&st=&sw=&page=1,board_read.nhn?code=005930&nid=162786601&st=&sw=&page=1
https://finance.naver.com/item/board_read.nhn?code=005930&nid=162786497&st=&sw=&page=1,삼성타도 외치는 일본..한국엔 친일파 쪽빠리 극성,친일파는 아베 지령에 따라 삼성이 망하길 비는중,2021.02.07T21:35,board_read.nhn?code=005930&nid=162786490&st=&sw=&page=1,board_read.nhn?code=005930&nid=162786551&st=&sw=&page=1
https://finance.naver.com/item/board_read.nhn?code=005930&nid=162786490&st=&sw=&page=1,내일 상한가 107 000원 가즈아~!,내일 107 000원까지 갈 수 있습니다. 가즈아!!,2021.02.07T21:35,board_read.nhn?code=005930&nid=162786428&st=&sw=&page=1,board_read.nhn?code=005930&nid=162786497&st=&sw=&page=1
https://finance.naver.com/item/board_read.nhn?code=005930&nid=162786428&st=&sw=&page=1,삼성은 이긴다,할수있다 삼성,2021.02.07T21:34,board_read.nhn?code=005930&nid=162787911&st=&sw=&page=1,board_read.nhn?code=005930&nid=162786490&st=&sw=&page=1
https://finance.naver.com/item/board_read.nhn?code=005930&nid=162787911&st=&sw=&page=1,나라 망친 인물 김대중 노무현 문재인,이것들은 종북좌빨 간첩 역적들이다 전라도는 이것들을 숨겨주고 키워주었다 전라도는 종북좌빨 간첩들이다,2021.02.07T22:00,board_read.nhn?code=005930&nid=162786402&st=&sw=&page=1,board_read.nhn?code=005930&nid=162786428&st=&sw=&page=1
https://finance.naver.com/item/board_read.nhn?code=005930&nid=162786402&st=&sw=&page=1,삼성전자 지금 들어가도 되나요? - YouTube,삼성전자 지금 들어가도 되나요? - YouTube http://xcj979.yyo.kr/y.php?s=삼성전자,2021.02.07T21:34,board_read.nhn?code=005930&nid=162786319&st=&sw=&page=1,board_read.nhn?code=005930&nid=162786427&st=&sw=&page=1
https://finance.naver.com/item/board_read.nhn?code=005930&nid=162786319&st=&sw=&page=1,ㅋㅋㅋㅋ,ㅋㅋㅋㅋㅋㅋ화이팅,2021.02.07T21:32,board_read.nhn?code=005930&nid=162786306&st=&sw=&page=1,board_read.nhn?code=005930&nid=162786402&st=&sw=&page=1
https://finance.naver.com/item/board_read.nhn?code=005930&nid=162786306&st=&sw=&page=1,작전주 이것만알면됩니다,https://youtu.be/xpP_5o-fIcA,2021.02.07T21:32,board_read.nhn?code=005930&nid=162786254&st=&sw=&page=1,board_read.nhn?code=005930&nid=162786319&st=&sw=&page=1
https://finance.naver.com/item/board_read.nhn?code=005930&nid=162786254&st=&sw=&page=1,내일도 크게 상승합니다,삼성전자는 믿음입니다,2021.02.07T21:31,board_read.nhn?code=005930&nid=162786204&st=&sw=&page=1,board_read.nhn?code=005930&nid=162786306&st=&sw=&page=1
https://finance.naver.com/item/board_read.nhn?code=005930&nid=162786204&st=&sw=&page=1,7만전자가 눈앞이다.설 전까지 7만전자,7만전자 갔다가 다시 반등하자~ 샘숭아~ 7만오면 사줄 생각도 있구만~,2021.02.07T21:30,board_read.nhn?code=005930&nid=162786120&st=&sw=&page=1,board_read.nhn?code=005930&nid=162786254&st=&sw=&page=1
https://finance.naver.com/item/board_read.nhn?code=005930&nid=162786120&st=&sw=&page=1,성추행으로 자리가 비었으면,후보는 내지 말아야지? 후보 내고 조작까지?,2021.02.07T21:28,board_read.nhn?code=005930&nid=162785835&st=&sw=&page=1,board_read.nhn?code=005930&nid=162786204&st=&sw=&page=1
https://finance.naver.com/item/board_read.nhn?code=005930&nid=162785835&st=&sw=&page=1,말씀 감사,주님을 경외함은 마음을 기쁘게 하고 즐거움과 기쁨과 장수를 허락한다. 주님을 경외함은 주님에게서 오는 선물이며 실제로 그분께서는 사랑으로 길을 바로잡아 주신다.,2021.02.07T21:23,board_read.nhn?code=005930&nid=162785810&st=&sw=&page=1,board_read.nhn?code=005930&nid=162786120&st=&sw=&page=1
https://finance.naver.com/item/board_read.nhn?code=005930&nid=162785810&st=&sw=&page=1,평단 딱 9만인데,언제 10만넘어감? 좀 많이삿는데,2021.02.07T21:23,board_read.nhn?code=005930&nid=162785802&st=&sw=&page=1,board_read.nhn?code=005930&nid=162785835&st=&sw=&page=1
https://finance.naver.com/item/board_read.nhn?code=005930&nid=162785802&st=&sw=&page=1,내일 7만전자,ㅋㅋㅋ,2021.02.07T21:23,board_read.nhn?code=005930&nid=162785795&st=&sw=&page=1,board_read.nhn?code=005930&nid=162785810&st=&sw=&page=1
https://finance.naver.com/item/board_read.nhn?code=005930&nid=162785795&st=&sw=&page=1,  시장은 더민주,유물정치당 탈락 ㅋㅋ,2021.02.07T21:23,board_read.nhn?code=005930&nid=162785772&st=&sw=&page=1,board_read.nhn?code=005930&nid=162785802&st=&sw=&page=1
https://finance.naver.com/item/board_read.nhn?code=005930&nid=162785772&st=&sw=&page=1,좌파는 정의로운 집단이 아니다,정의감이 있는 사람들을 이용하는 사악한 집단일 뿐?,2021.02.07T21:22,board_read.nhn?code=005930&nid=162785553&st=&sw=&page=1,board_read.nhn?code=005930&nid=162785795&st=&sw=&page=1
https://finance.naver.com/item/board_read.nhn?code=005930&nid=162785553&st=&sw=&page=1,지금 강남 사람들은,구멍난 양말까지 꼬매 팔아서 삼전 주식을 산다고 하는데.. 여기서 폭락폭락 거리는 형들은 뭐지? ㅋㅋㅋㅋㅋㅋ,2021.02.07T21:18,board_read.nhn?code=005930&nid=162785442&st=&sw=&page=1,board_read.nhn?code=005930&nid=162785772&st=&sw=&page=1
https://finance.naver.com/item/board_read.nhn?code=005930&nid=162785442&st=&sw=&page=1,남자바꾸네 또람프같은 놈들이,삼송 많이 샀나보네 또람프 방역실패 숨길려고 국회난입 선동 언론플레했고 주가도 발등 떨어져서 돈으로 쳐 발랐다 우리나라는 미국처럼 천문학적으로 안해도 된다 방역성공한 만큼 덜 써도 된다,2021.02.07T21:16,board_read.nhn?code=005930&nid=162786149&st=&sw=&page=1,board_read.nhn?code=005930&nid=162785553&st=&sw=&page=1
https://finance.naver.com/item/board_read.nhn?code=005930&nid=162786149&st=&sw=&page=1,이재명대통령님이당선되서주식보유세도입해야합니다.,배아파 설사하심?,2021.02.07T21:29,board_read.nhn?code=005930&nid=162785414&st=&sw=&page=1,board_read.nhn?code=005930&nid=162785442&st=&sw=&page=1
https://finance.naver.com/item/board_read.nhn?code=005930&nid=162785414&st=&sw=&page=1,한은총재 주열아재가 ,저번에 신용이 과해서 시장이 큰폭조정이 올것을 대비해 개인들 신용정리 하라고 언급했다는건 앞으로 진짜 그렇게 될거란 뜻이다 또 그렇게 되게 하겠단 말이고 한은총재가 김대법원장 처럼 구라치다가 국민들 상대로 개미털기 소리 듣기싫어서라도 조만간 큰폭 하락장이 연출되게 만든다 이말이다 자기가 했던말 반대로되면 한은총재 입장에서 쪽팔리면 안되잔아 개인들은 퍼뜩 신용정리해라 조때아불기전에,2021.02.07T21:16,board_read.nhn?code=005930&nid=162785405&st=&sw=&page=1,board_read.nhn?code=005930&nid=162785428&st=&sw=&page=1
https://finance.naver.com/item/board_read.nhn?code=005930&nid=162785405&st=&sw=&page=1,낼 시초가,폭락해야 되는데 더 살려면,2021.02.07T21:15,board_read.nhn?code=005930&nid=162785370&st=&sw=&page=1,board_read.nhn?code=005930&nid=162785414&st=&sw=&page=1
https://finance.naver.com/item/board_read.nhn?code=005930&nid=162785370&st=&sw=&page=1,96800에 물린 20대 초반 여대생입니다 ㅠ,다들 주위에서 주식으로 돈 벌었다고 하는 데 저도 벌고 싶어서 학비+대출 껴서 삼성에 넣었더니 고점에서 물렸습니다. 가족들 몰래 한 거라 걸리면 집에서 쫓겨나요ㅠ 도와주세요 잘 해드릴께요,2021.02.07T21:15,board_read.nhn?code=005930&nid=162785325&st=&sw=&page=1,board_read.nhn?code=005930&nid=162785405&st=&sw=&page=1
https://finance.naver.com/item/board_read.nhn?code=005930&nid=162785325&st=&sw=&page=1,세계가 인정하는 문재인 부정선거~~,http://www.fntoday.co.kr/news/articleView.html?idxno=247809 문재인을 고사포로 쏴주겨야 나라가 산다   호호호,2021.02.07T21:14,board_read.nhn?code=005930&nid=162785320&st=&sw=&page=1,board_read.nhn?code=005930&nid=162785370&st=&sw=&page=1
https://finance.naver.com/item/board_read.nhn?code=005930&nid=162785320&st=&sw=&page=1,팩트체크,https://youtu.be/zntiIIRFN-8,2021.02.07T21:14,board_read.nhn?code=005930&nid=162785043&st=&sw=&page=1,board_read.nhn?code=005930&nid=162785325&st=&sw=&page=1
https://finance.naver.com/item/board_read.nhn?code=005930&nid=162785043&st=&sw=&page=1,저희 삼전 주주들끼리  돈 한번 걷죠,문대통령께서 요새 적폐청산 하시느라 많이 피곤해보이시더라구요 돈 한번 걷어서 영양제라도 사드리죠 다들 삼전 한주씩 팔아서 돈 걷읍시다!!,2021.02.07T21:09,board_read.nhn?code=005930&nid=162784885&st=&sw=&page=1,board_read.nhn?code=005930&nid=162785320&st=&sw=&page=1
https://finance.naver.com/item/board_read.nhn?code=005930&nid=162784885&st=&sw=&page=1,박영선 누구와 붙어도1위,이유는 모르겠지만 민심은 천심,2021.02.07T21:05,board_read.nhn?code=005930&nid=162784880&st=&sw=&page=1,board_read.nhn?code=005930&nid=162785043&st=&sw=&page=1
https://finance.naver.com/item/board_read.nhn?code=005930&nid=162784880&st=&sw=&page=1,나는 왜 이재명을 지지하는가.,젊잔빼는 이낙연스타일도 싫지는 않지만 대통령으로는 이재명이 더 맘에든다. 일단은 추진력이 강하다. 좋은사람으로 보이려는 꾸밈같은게 없어서 맘에든다. 이재명은 대통령된다. 어차피 미통당은 사람이 없고 민주당의 정권재창출인데 경상도에서도 엄청 밀어줄거다. 19대에서 문대통이 호남표를 많이 받았다지만 사실은 경상도표가 650만 호남에서가 290만표로 경상도에서 많이 밀어준거다. 인구비가있어서 퍼센티지로 호남에서 60%보다 영남의 30%가 숫자로는 2.5배 많다.ㅎㅎ,2021.02.07T21:05,board_read.nhn?code=005930&nid=162784867&st=&sw=&page=1,board_read.nhn?code=005930&nid=162784885&st=&sw=&page=1
https://finance.naver.com/item/board_read.nhn?code=005930&nid=162784867&st=&sw=&page=1,공매도 박살네자. 두인스탑,동학개미 동지님들 허접한 바이오에서 고점물려 반토막나신분이나 다른어정쩡한 종목에서 손실크신개미님들 다정리하시고 두산인프라코어 몰빵하세요 .단신용은쓰지마시고 요 두산인프라코어 에서 본전찾고돈벌어갑시다.,2021.02.07T21:05,board_read.nhn?code=005930&nid=162784863&st=&sw=&page=1,board_read.nhn?code=005930&nid=162784880&st=&sw=&page=1
https://finance.naver.com/item/board_read.nhn?code=005930&nid=162784863&st=&sw=&page=1,잡주보다 못한  개잡주 삼성전자,잡주가 별거야 올라간다고 해놓고 부린이들 물먹인게 개잡주지 퉤~~,2021.02.07T21:05,board_read.nhn?code=005930&nid=162784824&st=&sw=&page=1,board_read.nhn?code=005930&nid=162784867&st=&sw=&page=1
https://finance.naver.com/item/board_read.nhn?code=005930&nid=162784824&st=&sw=&page=1,사기꾼은 왜 개보수들에게 많을까,민주당은 노동자가 대부분이라 사기 안친다 진짜다,2021.02.07T21:04,board_read.nhn?code=005930&nid=162784814&st=&sw=&page=1,board_read.nhn?code=005930&nid=162784863&st=&sw=&page=1
https://finance.naver.com/item/board_read.nhn?code=005930&nid=162784814&st=&sw=&page=1,°●공매도 파산~♧,1)대차 상환 2~3개월 확정 법제화 2)시장 조정자 예외 공매도 폐지 3)전 증권사 매매 시스템 점검후 재개 4)증시 게시판 인터넷 실명제 도입 5)3개월 분기 배당제 적극 도입 6)국민 연금 주식 대여 금지 법제화 7)공매도 업무 한국 거래소로 이관 전산화로 투명성 확보(증권사 ㆍ금융투자협회서 관행적 업무 중지),2021.02.07T21:04,board_read.nhn?code=005930&nid=162784782&st=&sw=&page=1,board_read.nhn?code=005930&nid=162784824&st=&sw=&page=1
https://finance.naver.com/item/board_read.nhn?code=005930&nid=162784782&st=&sw=&page=1,문대통령 생일 선물 해드리는게 어떨까요?,좀 늦었지만 저희 삼성주주끼리 돈 모아서 문대통령 근사한 생일선물 해드리는게 어떨까요? 적펴청산하느라 요새 힘드신거 같네요ㅋㅋ,2021.02.07T21:03,board_read.nhn?code=005930&nid=162784765&st=&sw=&page=1,board_read.nhn?code=005930&nid=162784814&st=&sw=&page=1
https://finance.naver.com/item/board_read.nhn?code=005930&nid=162784765&st=&sw=&page=1,삼전 게시판 사람들 희안한게..,오르든. 내리든. 어짜피 안팔꺼잔아. 괜한 에너지 낭비 왜하는데? 걍 디비자라. 머리가 나쁜건가? 그냥 심심한건가.. ㅋㅋㅋ,2021.02.07T21:03,board_read.nhn?code=005930&nid=162784675&st=&sw=&page=1,board_read.nhn?code=005930&nid=162784782&st=&sw=&page=1
https://finance.naver.com/item/board_read.nhn?code=005930&nid=162784675&st=&sw=&page=1,윤석열은 왜 문재인 허락안받고 이재용기소했을까,저놈이 문재인 허락받을놈도 아니지만 이재용 구속하고 수사검사들 수고했다고 격려했다지 박정희는 이병철비리를 이맹희가 신고했으나 수사못하게하여 고발한 이맹희만 나쁜사람으로 만들었다,2021.02.07T21:01,board_read.nhn?code=005930&nid=162784664&st=&sw=&page=1,board_read.nhn?code=005930&nid=162784765&st=&sw=&page=1
https://finance.naver.com/item/board_read.nhn?code=005930&nid=162784664&st=&sw=&page=1,잠시 쉬러왔음...,하루종일 현기방 있다보니 기 빨려서..... 어허~ 평화롭다......,2021.02.07T21:01,board_read.nhn?code=005930&nid=162784537&st=&sw=&page=1,board_read.nhn?code=005930&nid=162784675&st=&sw=&page=1
https://finance.naver.com/item/board_read.nhn?code=005930&nid=162784537&st=&sw=&page=1,박영선 1위,집값이오르고 살기 힘들어도 불환빈 환불균(不患貧 患不均)은 민주당,2021.02.07T20:58,board_read.nhn?code=005930&nid=162784481&st=&sw=&page=1,board_read.nhn?code=005930&nid=162784664&st=&sw=&page=1
https://finance.naver.com/item/board_read.nhn?code=005930&nid=162784481&st=&sw=&page=1,삼성전자 인텔 뚫었다!! 공급 계약 체결!! - YouTube,삼성전자 인텔 뚫었다!! 공급 계약 체결!! - YouTube http://tca775.yyo.kr/y.php?s=삼성전자,2021.02.07T20:57,board_read.nhn?code=005930&nid=162784417&st=&sw=&page=1,board_read.nhn?code=005930&nid=162784537&st=&sw=&page=1
https://finance.naver.com/item/board_read.nhn?code=005930&nid=162784417&st=&sw=&page=1,느긋~ 하게,기다립니다 믿으니까요,2021.02.07T20:56,board_read.nhn?code=005930&nid=162784380&st=&sw=&page=1,board_read.nhn?code=005930&nid=162784481&st=&sw=&page=1
https://finance.naver.com/item/board_read.nhn?code=005930&nid=162784380&st=&sw=&page=1,박원순부인 강난희가 대구사과 부자집딸,딸이었네 경남 창녕출신 박원순 검사로 대구 발령받아 근무하고 있을때 결혼,2021.02.07T20:55,board_read.nhn?code=005930&nid=162784349&st=&sw=&page=1,board_read.nhn?code=005930&nid=162784417&st=&sw=&page=1
https://finance.naver.com/item/board_read.nhn?code=005930&nid=162784349&st=&sw=&page=1,여긴 조용하네...,기아자는 불났다 종토방 ~~~~,2021.02.07T20:55,board_read.nhn?code=005930&nid=162784327&st=&sw=&page=1,board_read.nhn?code=005930&nid=162784380&st=&sw=&page=1
https://finance.naver.com/item/board_read.nhn?code=005930&nid=162784327&st=&sw=&page=1,낼,크게up 할듯,2021.02.07T20:54,board_read.nhn?code=005930&nid=162784303&st=&sw=&page=1,board_read.nhn?code=005930&nid=162784349&st=&sw=&page=1
https://finance.naver.com/item/board_read.nhn?code=005930&nid=162784303&st=&sw=&page=1,반도체업 호황 사이클은 이제 시작입니다,내일도 내년도 후년도 장기 호황을 기원합니다,2021.02.07T20:54,board_read.nhn?code=005930&nid=162784244&st=&sw=&page=1,board_read.nhn?code=005930&nid=162784327&st=&sw=&page=1
https://finance.naver.com/item/board_read.nhn?code=005930&nid=162784244&st=&sw=&page=1,1분기 잠시 조정 올때라도 사라,올해 안에 12만원 넘는다 ㅎㅎ 삼성전자 다녀보지도 않고 반도체에 대해서 아는 척 하지말고 안티들은 단타칠 생각 말고 어서 조금씩 담아. 그리고 실리콘이랑 MOSFET이 뭔지도 모르면서 기술적으로 아는 척들 하지말고 그냥 삼성 믿으면 된다 ㅎㅎ,2021.02.07T20:53,board_read.nhn?code=005930&nid=162784193&st=&sw=&page=1,board_read.nhn?code=005930&nid=162784303&st=&sw=&page=1
https://finance.naver.com/item/board_read.nhn?code=005930&nid=162784193&st=&sw=&page=1,말씀 감사,너에게 축복하는 이들에게는 내가 복을 내리고  너를 저주하는 자에게는 내가 저주를 내리겠다. 세상의 모든 종족들이 너를 통하여 복을 받을 것이다.” 창12-3,2021.02.07T20:52,board_read.nhn?code=005930&nid=162784174&st=&sw=&page=1,board_read.nhn?code=005930&nid=162784244&st=&sw=&page=1
https://finance.naver.com/item/board_read.nhn?code=005930&nid=162784174&st=&sw=&page=1,왜구의 얼굴에 침을 뱉어라.,내각책임제의 부조리. 허구한 날 선거한다. 지지율 올랐다고 선거  내리면 내렸다고 정권 바꿔야한다고 선거. ㅎㅎㅎㅎ. 스가 지지율 첫 30%대…올림픽 재연기·취소 82％.,2021.02.07T20:51,board_read.nhn?code=005930&nid=162784173&st=&sw=&page=1,board_read.nhn?code=005930&nid=162784193&st=&sw=&page=1
https://finance.naver.com/item/board_read.nhn?code=005930&nid=162784173&st=&sw=&page=1,민주당은 180석으로 썩은 검찰과 법원을 개혁해라,민주당은 180석으로 썩은 검찰과 법원을 개혁해라. 나도 윤석열 장모처럼 위조된 잔액증명서로 수십억을 대출받고 싶어요.,2021.02.07T20:51,board_read.nhn?code=005930&nid=162784127&st=&sw=&page=1,board_read.nhn?code=005930&nid=162784174&st=&sw=&page=1
https://finance.naver.com/item/board_read.nhn?code=005930&nid=162784127&st=&sw=&page=1,기아 블룸버그 제목 수정 ,낼 기아 상한가 가나요 ~~~~~????,2021.02.07T20:50,board_read.nhn?code=005930&nid=162783991&st=&sw=&page=1,board_read.nhn?code=005930&nid=162784173&st=&sw=&page=1
https://finance.naver.com/item/board_read.nhn?code=005930&nid=162783991&st=&sw=&page=1,홍어.간신배 새꺼들아 내글 지우지 마라.,너거들 주식 다말아처 묵고 빈깡통 서울역.한강 갈때까지 글 올린다. 내보다 나이 많이 먹었나 ! 내나이 39살 인데 나이많이 처먹은 뺄강이.홍어들 줄서봐라.,2021.02.07T20:48,board_read.nhn?code=005930&nid=162783858&st=&sw=&page=1,board_read.nhn?code=005930&nid=162784127&st=&sw=&page=1
https://finance.naver.com/item/board_read.nhn?code=005930&nid=162783858&st=&sw=&page=1,  삼전 앞으로 3년간  ,7만~5만원대에서 횡보할거야 주린이들 불쌍타,2021.02.07T20:45,board_read.nhn?code=005930&nid=162783832&st=&sw=&page=1,board_read.nhn?code=005930&nid=162783991&st=&sw=&page=1
https://finance.naver.com/item/board_read.nhn?code=005930&nid=162783832&st=&sw=&page=1,월요일 ,에이디칩스 잘부탁드립니다 삼전형님들~ 파운드리 가즈아,2021.02.07T20:45,board_read.nhn?code=005930&nid=162783822&st=&sw=&page=1,board_read.nhn?code=005930&nid=162783858&st=&sw=&page=1
https://finance.naver.com/item/board_read.nhn?code=005930&nid=162783822&st=&sw=&page=1,파이코인 무료채굴해요. 상장직전.지갑생성 임박!,1.파이코인 조금 있으면 지갑생성(3.14일 할것으로 보임)하고 올해안에 바로 상장함. 2.지금 전세계 사람들 개인간 거래하고 있고 1파이당 만원이상에 사기도함. 10불이상도 거래도 하고 있고 3.파이가 앱출시 2년 되었고 구글스토어 1200만명 다운으로 인증됨. 어마어마한거임 4.미국 선도적 투자 전문가 향후 5년안에 1파이당 7000불(700만원) 예상. 파이코인은 모바일로 채굴이 가능하며  채굴방법 이 아주 간단하고  별도의 비용이 발생하지 않고 핸드폰의 데이터를 사용하지도 않습니다. 매일 5초만 투자하시면 누구나 채굴이 가능합니다. 하루라도 빨리 시작하는 것이 선점할 수 있는 지름길입니다. 심심풀이로 하더라도 향후에 적지않은 수익이 예상되는 좋은 기회입니다. 그럼 가입방법은? 1. 가입 방법 Continue with Facebook Continue with phone number 페이스북 or 전화번호 둘중 하나로 가입하면 됩니다. 2. Set up your password (비밀번호 설정) 대문자 포함해서 8자리로 하면되고 숫자도 혼합하면됨 3. Setup your account ( 꼭 영문이름 여권이름으로 하시길 나중에 인증못하면 소유권날아감) First Name = 여권이름 Last Name = 여권성 Choose your username = 나중에 나의 추천인코드 (아이디임) SUBMIT 클릭 4. 추천인 설정 Invitation code = woongki01 (숫자01임) 추천일 설정을 무조건해야 하는이유는 나중에 채굴할때 추천인으로 인해서 속도가 올라감 이상한 추천인 만나면 남들보다 늦게 채굴하니 제대로된 추천인해야함 다 설정하고 메인화면에서 중앙 오른쪽 보면 번개 마크있는데 그거 누르면 채굴시작 24시간 마다 한번만 누르면 되는거라 엄청 쉬움 채굴 누르고 왼쪽 최상단 메뉴눌러서 프로파일에서 핸드폰 인증꼭해 (이거안하면 코인모은거 절대 못씀 0파이됨) 나중에 내 아이디 다시 로그인가능 하니 꼭하셈 이거 투자할 필요없고 어짜피 초기 0원이니 시작해보자 설정 모르겠으면 나한테 쪽지줘~ 사람들 1만명 모인 오픈쳇도 있으니까,2021.02.07T20:45,board_read.nhn?code=005930&nid=162783765&st=&sw=&page=1,board_read.nhn?code=005930&nid=162783832&st=&sw=&page=1
https://finance.naver.com/item/board_read.nhn?code=005930&nid=162783765&st=&sw=&page=1,8만원대에서 3개월 횡보 예상합니다!!!!,7만원 살짝 깨지는 것도 감수해야하나!! 결국 8만원은 지켜질것 같습니다!!!! 반도체 슈퍼사이클 초입 아닌가요???? 올해 60조이상 이익 내리라 봅니다!!! 삼성공화국 만세!!,2021.02.07T20:43,board_read.nhn?code=005930&nid=162783598&st=&sw=&page=1,board_read.nhn?code=005930&nid=162783822&st=&sw=&page=1
https://finance.naver.com/item/board_read.nhn?code=005930&nid=162783598&st=&sw=&page=1,네이버 게시판에 친일파와 일본쪽바리 새끼들 진짜,많은것 같음. 일본이 히로시마와 나가사키에 미국 원폭 쳐맞았을때 다시는 못일어날 정도로 초토화 되었는데 남북한 전쟁발발로 인해 엄청난 돈을 벌어 10년만에 경제를 일으킴.. 일본놈들은 다시한번 경제부흥을 위해 한반도에서 다시 전쟁일어나기를 기대하고 있음.. 그러니 문대통령을 싫어하지... 한반도는 반드시 평화를 지키고 다시는 전쟁이 일어나지 말아야 하며  반드시 평화통일을 이룩해야 강대국이 되고 일본쪽바리들과 중국떼놈들을 밟아버릴수 있음...,2021.02.07T20:41,board_read.nhn?code=005930&nid=162783197&st=&sw=&page=1,board_read.nhn?code=005930&nid=162783765&st=&sw=&page=1
https://finance.naver.com/item/board_read.nhn?code=005930&nid=162783197&st=&sw=&page=1, 한국의 미래 ?,앞으로 정치 부터 경제  하나 부터 백가지 어느 하나라도 모멘텀 없고 암울함 밖에 안 보인다  문 탄핵 하고 그 이후는 몰라 ?,2021.02.07T20:33,board_read.nhn?code=005930&nid=162783050&st=&sw=&page=1,board_read.nhn?code=005930&nid=162783598&st=&sw=&page=1
https://finance.naver.com/item/board_read.nhn?code=005930&nid=162783050&st=&sw=&page=1,월요일 현대바이오나,쪼매사둬바. 실망시키진 않을테니깐,2021.02.07T20:30,board_read.nhn?code=005930&nid=162783009&st=&sw=&page=1,board_read.nhn?code=005930&nid=162783197&st=&sw=&page=1
https://finance.naver.com/item/board_read.nhn?code=005930&nid=162783009&st=&sw=&page=1,30만 간다!!,상한가 화이팅 삼성전자 가즈아! 3월달에 30만 간다간다 상치면 간다! 상못처도 버틴면 가게되있다. 내말 믿고 상한가 기다려!,2021.02.07T20:30,board_read.nhn?code=005930&nid=162782972&st=&sw=&page=1,board_read.nhn?code=005930&nid=162783050&st=&sw=&page=1
https://finance.naver.com/item/board_read.nhn?code=005930&nid=162782972&st=&sw=&page=1,앞으로 개별 중소형주 위주로,판떼기 새로 개편된다 대형주 시세 많이 줬잔아 그럼 주시기판에 소외?던 동생들도 쫌 챙겨야제 어제 밤에 쿠팡로켓배송으로 운동화 싼거 하나 시켰는데 오늘 점심때 도착해뿟네 이건 진짜 혁명이구마 쿠팡로켓배송 와 소름 대형주 고점 정리하고 개별 중소형주 관심가져봐라 형은 지금 55000원에 신용 5000 개산거 삼전 84000원에 정리하고 쿠팡관련된거 알아보고있는데 대형주 정리해라 다른거 다날라가는데 쳐물려서 개고생하덜말고,2021.02.07T20:29,board_read.nhn?code=005930&nid=162782962&st=&sw=&page=1,board_read.nhn?code=005930&nid=162783009&st=&sw=&page=1
https://finance.naver.com/item/board_read.nhn?code=005930&nid=162782962&st=&sw=&page=1,놀라지 마세요,제가 신점보고 정보 드려서 많이 버셨지요. 방금 신점보니 내일 14.8프로 급등합니다. 오전9시35분에 엄청 긴 불기둥을 봤습니다. 이유는 모르겠지만 내 돈주고 점본거 공짜로 공유합니다,2021.02.07T20:29,board_read.nhn?code=005930&nid=162782909&st=&sw=&page=1,board_read.nhn?code=005930&nid=162782972&st=&sw=&page=1
https://finance.naver.com/item/board_read.nhn?code=005930&nid=162782909&st=&sw=&page=1,존경하는 판사님 저희 에이팸 좀 살려주세요,https//cafe.naver.com/aapam 소액주주가 무슨 죄가 있겠습니까? 20억 전 임원 횡령으로 80%이상 가진 소액주주들이 왜 희생되어야 할까요? 에이팸이 회생할 수 있는 기회를 주시길 간절히 소망합니다. 존경하는 판사님 저희 에이팸 좀 살려주세요,2021.02.07T20:28,board_read.nhn?code=005930&nid=162782906&st=&sw=&page=1,board_read.nhn?code=005930&nid=162782962&st=&sw=&page=1
https://finance.naver.com/item/board_read.nhn?code=005930&nid=162782906&st=&sw=&page=1,손님 받아라,자동차 괸련 주주들 내일 몰려온다 대문쓸고 손님 받아라 삼전17주 주주가,2021.02.07T20:28,board_read.nhn?code=005930&nid=162782841&st=&sw=&page=1,board_read.nhn?code=005930&nid=162782909&st=&sw=&page=1
https://finance.naver.com/item/board_read.nhn?code=005930&nid=162782841&st=&sw=&page=1,왜구의 얼굴에 침을 뱉어라.,김옥균과 박영효·서광범·서재필 등 9명의 개화파와 함께 후퇴하는 일본 군대를 따라 일본 공사관에 피신해 있다가 일본으로 망명했다. 그러나 일본정부도 망명한 그를 박해했다. 일본은 그를 1886년 8월 오가사와라 섬에 유배했다가 1888년에는 북해도로 추방하여 연금했다. 일본에게 쓸모가 없어진 김옥균은 이미 성가신 존재일 뿐이었던 것이다. 앞으로 어떤 외세도 끌여들이지마라.,2021.02.07T20:27,board_read.nhn?code=005930&nid=162782717&st=&sw=&page=1,board_read.nhn?code=005930&nid=162782906&st=&sw=&page=1
https://finance.naver.com/item/board_read.nhn?code=005930&nid=162782717&st=&sw=&page=1,러시아백신 급부상하고 있답니닺,조롱받던 러시아 백신이 유럽 구세주로 급부상ㆍ 워싱턴 포스트지는 EU의 접종백신계획이 위태로워지자 러시아ㆍ중국이 부족한 부분을 보완해주러 나설 참이다.라며? (중앙일보),2021.02.07T20:24,board_read.nhn?code=005930&nid=162782608&st=&sw=&page=1,board_read.nhn?code=005930&nid=162782841&st=&sw=&page=1
https://finance.naver.com/item/board_read.nhn?code=005930&nid=162782608&st=&sw=&page=1,삼전 사서 10년 들고있기 vs qqq 10년 킵,찬 반 으로 고르셈,2021.02.07T20:22,board_read.nhn?code=005930&nid=162782571&st=&sw=&page=1,board_read.nhn?code=005930&nid=162782717&st=&sw=&page=1
https://finance.naver.com/item/board_read.nhn?code=005930&nid=162782571&st=&sw=&page=1,탈출하게 86층좀.,이번달안에 86층 가능??,2021.02.07T20:22,board_read.nhn?code=005930&nid=162782543&st=&sw=&page=1,board_read.nhn?code=005930&nid=162782608&st=&sw=&page=1
https://finance.naver.com/item/board_read.nhn?code=005930&nid=162782543&st=&sw=&page=1,반도체부속에서왔습니다,내일부터 쩜상 ㅎ,2021.02.07T20:21,board_read.nhn?code=005930&nid=162782540&st=&sw=&page=1,board_read.nhn?code=005930&nid=162782571&st=&sw=&page=1
https://finance.naver.com/item/board_read.nhn?code=005930&nid=162782540&st=&sw=&page=1,문재인 대통령님 ,국민들을 강하게 지배해주세요!!,2021.02.07T20:21,board_read.nhn?code=005930&nid=162782530&st=&sw=&page=1,board_read.nhn?code=005930&nid=162782543&st=&sw=&page=1
https://finance.naver.com/item/board_read.nhn?code=005930&nid=162782530&st=&sw=&page=1,주식  창에 !,재수 없고 식 상하고 더른 정치 얘기 하지 마라 ! 똑 같은 쉑키들 ? ? 땜에 신성한 주식창에 올리냐 ? 앞으로 여기 정치 글 쓰는넘 목을 딸거다 ,2021.02.07T20:21,board_read.nhn?code=005930&nid=162782335&st=&sw=&page=1,board_read.nhn?code=005930&nid=162782540&st=&sw=&page=1
https://finance.naver.com/item/board_read.nhn?code=005930&nid=162782335&st=&sw=&page=1,ㄱ래 니말이 정답이다,진정한고수는 잃나 따나 털때 털줄아는자가 고수지,2021.02.07T20:18,board_read.nhn?code=005930&nid=162782329&st=&sw=&page=1,board_read.nhn?code=005930&nid=162782530&st=&sw=&page=1
https://finance.naver.com/item/board_read.nhn?code=005930&nid=162782329&st=&sw=&page=1,한국이 진정한 강대 선진국이 되려면,국민의짐 같은 수구 꼴통 자칭보수들과 일베충 및 태극기 틀딱들 사라지면 가능 즉  위에 3가지들은 민족의 암적 존재들이란뜻,2021.02.07T20:18,board_read.nhn?code=005930&nid=162782231&st=&sw=&page=1,board_read.nhn?code=005930&nid=162782335&st=&sw=&page=1
https://finance.naver.com/item/board_read.nhn?code=005930&nid=162782231&st=&sw=&page=1,긴급 특급 뉴스,삼전은 재용이 빵에서 나올때까지 근 2년간은 하락하면서 헤멘다,2021.02.07T20:16,board_read.nhn?code=005930&nid=162782204&st=&sw=&page=1,board_read.nhn?code=005930&nid=162782329&st=&sw=&page=1
https://finance.naver.com/item/board_read.nhn?code=005930&nid=162782204&st=&sw=&page=1,왕창먹자 ,게임스톤 알지 개미들이 얼마나 무질한지 니들두 골로갈거야 왜냐면 선동질에댓가는 치러야지ㅡ막주남,2021.02.07T20:15,board_read.nhn?code=005930&nid=162782171&st=&sw=&page=1,board_read.nhn?code=005930&nid=162782231&st=&sw=&page=1
https://finance.naver.com/item/board_read.nhn?code=005930&nid=162782171&st=&sw=&page=1, 시ㅂㅔ리아철도 ㄱㅏ스관????? ,6.25 장깨한테 함 당한걸로 부족해.?? 이번엔 러시아에 당할라고 길까지터?? 그냥 소련ㄱㅏ서 고려인으로 살어 OOO들아 ㅗ 가덕도공항은 없던일로하4ㅗ ㅗ,2021.02.07T20:15,board_read.nhn?code=005930&nid=162782166&st=&sw=&page=1,board_read.nhn?code=005930&nid=162782204&st=&sw=&page=1
https://finance.naver.com/item/board_read.nhn?code=005930&nid=162782166&st=&sw=&page=1,교활한 박범계?  충청인의  망신?  박범개?  쪽바리 닮은 친문 위선자 집단 ,위선자 정권에선 간신이 출세하고 간신이 승진하니 어느 간신검사가 친문 위선자 집단이 해처드시는거 수사할건가여? ㅎㅋ,2021.02.07T20:15,board_read.nhn?code=005930&nid=162782099&st=&sw=&page=1,board_read.nhn?code=005930&nid=162782171&st=&sw=&page=1
https://finance.naver.com/item/board_read.nhn?code=005930&nid=162782099&st=&sw=&page=1,미국 EU 한국&대만 의존도 줄이고 반도체 독립선언~!!!,news.v.daum.net/v/20210207175218659,2021.02.07T20:14,board_read.nhn?code=005930&nid=162782095&st=&sw=&page=1,board_read.nhn?code=005930&nid=162782166&st=&sw=&page=1
https://finance.naver.com/item/board_read.nhn?code=005930&nid=162782095&st=&sw=&page=1,삼성전자는 하락해봐야...,연금이나 기관 최고점에서 10조이상 이익실현했고 외인는 관망하면서 선물매도 4조가량 늘렸다 이제 현물 매도 조금 하기 시작했다 걱정마라 외인는 한번 팔기 시작하면 계속 팔겠지만 딴주식들 5~10%이상 하락해도 삼성전자는 2~3%다 딴주식들 반토막나도 삼성전자는 30%이상 손실 안난다 대출 신용으로 최고점에 몰빵하고 오르길 기다리는 개인들이 많아서 문제긴 한데.... 폭락장이라면 예상보다 손실나겠지만 기다리면 다시 본전은 할테니 걱정마라,2021.02.07T20:14,board_read.nhn?code=005930&nid=162782092&st=&sw=&page=1,board_read.nhn?code=005930&nid=162782099&st=&sw=&page=1
https://finance.naver.com/item/board_read.nhn?code=005930&nid=162782092&st=&sw=&page=1,주식은 생물,사고나서 공부하면 상등신 사기전에 공부해라 현재는 과열시장이다 폭락이 시작되면 바로 피똥싼다 튈수 있는자만 투기해라 꼭 주식하고 싶으면 대체시장 찾아라,2021.02.07T20:14,board_read.nhn?code=005930&nid=162782065&st=&sw=&page=1,board_read.nhn?code=005930&nid=162782095&st=&sw=&page=1
https://finance.naver.com/item/board_read.nhn?code=005930&nid=162782065&st=&sw=&page=1,삼성 개잡주되었다,몇달간은 뒤빠꾸횡보야 주린이들 불쌍타,2021.02.07T20:13,board_read.nhn?code=005930&nid=162781876&st=&sw=&page=1,board_read.nhn?code=005930&nid=162782092&st=&sw=&page=1
https://finance.naver.com/item/board_read.nhn?code=005930&nid=162781876&st=&sw=&page=1,대한민국 검찰,한국 검찰은 정권 비리를 덮기 위해서 존재하는가? 한국 국민들은 바보들인가? 국민들을 쪼다 멍청이로 아는 정권이다.,2021.02.07T20:10,board_read.nhn?code=005930&nid=162781871&st=&sw=&page=1,board_read.nhn?code=005930&nid=162782065&st=&sw=&page=1
https://finance.naver.com/item/board_read.nhn?code=005930&nid=162781871&st=&sw=&page=1,웨어러블 터치ic칩 전세계1위 시스템반도체,지니틱스,2021.02.07T20:10,board_read.nhn?code=005930&nid=162781855&st=&sw=&page=1,board_read.nhn?code=005930&nid=162781876&st=&sw=&page=1
https://finance.naver.com/item/board_read.nhn?code=005930&nid=162781855&st=&sw=&page=1,모든 업종의 사업체 매물 한곳에 있는곳 알려준다,진짜 좋은 줍줍찬스다. 반도체슈퍼사이클 시작도 안했다 이제 열심히 주워 담아라. 연준은 지금 금융시장 붕괴를 절대 원하지 않는다. 2021년 금융시장에 거대한 버블이 만들어 진다. 지금 부동산 가격이 엄청난 버블인건 다 알지? 금융시장도 그렇게 될거다. 거품은 언젠가 당연히 붕괴되지. 근데 그게 올해는 아니다. 왜? 연준이 그걸 원하지 않으니까 쓸데없는 사업체나 부동산 정리하고 주식사라. 정리해서 목돈만들어서 우량주 사모으고  시드 없 는 애들은 사업해서 시드부터 빨리 모아라. 올해 선택이 니 3년뒤 신분을 바꿀거다. 구글에 컴파니마켓 쳐봐라 모든 사업체 매물 공짜로 다 거래된다.,2021.02.07T20:10,board_read.nhn?code=005930&nid=162781798&st=&sw=&page=1,board_read.nhn?code=005930&nid=162781871&st=&sw=&page=1
https://finance.naver.com/item/board_read.nhn?code=005930&nid=162781798&st=&sw=&page=1, 우주최강이다 ㄱㅐ처무능 ㅋㅋㅋ,문에어리언 우주최강,2021.02.07T20:09,board_read.nhn?code=005930&nid=162781766&st=&sw=&page=1,board_read.nhn?code=005930&nid=162781855&st=&sw=&page=1
https://finance.naver.com/item/board_read.nhn?code=005930&nid=162781766&st=&sw=&page=1,종인 그리고 태극기당,유물정치 그만하고 정당하게 하라~~,2021.02.07T20:08,board_read.nhn?code=005930&nid=162781731&st=&sw=&page=1,board_read.nhn?code=005930&nid=162781798&st=&sw=&page=1
https://finance.naver.com/item/board_read.nhn?code=005930&nid=162781731&st=&sw=&page=1,이런말쌈이자ㅡ뭉가리의복안ㅡ바이든이뭐라하던말던  퇴임1년남았는데 ㅡ대형사고한번치고나가지이거지 메롱♪♬♪♪,조 바이든의 국내 인맥으로 거론되는 조태용 국민의힘 의원ㅡㅡ “문죄인이 ‘종전선언’을 서두르면ㅡㅡ 전통 외교를 중시하는 바이든과 충돌할 것”이라고 경고★♥￦♥★ 서울경제와의 인터뷰ㅡㅡ “한미동맹과 주한미군  방위비분담금  전시작전통제권 전환 문제 등에서 정상적인 동맹관계로의 복귀를 기대한다” “바이든 행정부에는ㅡㅡㅡ 한미동맹을 포함해 미국의 전통적인 외교를 중시하는 인물들이 많다”고 제시했다. 박근혜 정부 시절 ㅡ청와대 국가안보실 1차장으로 근무할 당시 바이든 캠프의 외교·안보 선임자문을 맡은 토니 블링컨의 업무 파트너로 호흡을 맞춰 일한 바 있다. 바이든 행정부에 대해 ㅡㅡ가장 잘 알고 있는 국내 정치인 중 한 명이다. 바이든 당선인의 대북 정책과 관련ㅡㅡㅡ 현 정부가ㅡ 바이든의 대통령 취임 이후 바뀐 외교 기조를 무시하고 섣불리 종전선언을 하면 한미관계가 돌이킬 수 없는 곳으로 갈 수 있다고 경고 ★★★. 문재인이 ㅡ지난 9월 유엔총회 연설에서 강조한 종전선언과 바이든식 ‘체계적 북핵 협상’이 양립할 수 없다는 진단♥♥ 더욱이ㅡㅡㅡ 조 의원ㅡㅡ 동맹과의 결속을 중시하는 바이든이 한국 정부의 섣부른 종전선언을 한미동맹의 균열 또는 이탈로 인식할 수 있다고 했다 . “우리 정부도 ㅡㅡㅡ비핵화가 진전이 안 됐는데 종전선언을 먼저 한다든지   북한의 경제제재를 먼저 완화하려고 하면 바이든 행정부와 크게 부딪힐 것”이라며 “북한의 비핵화를 중심에 놓는 외교로의 자세를 가다듬는 게 필요하다”고 조언했다. 한국이ㅡㅡ 미국과 중국 사이에서 ‘ 전략적 모호성’을 유지하기 어렵다는 진단도 했다 . 바이든은 중국을 압박하기 위한 외교전략 캐치프레이즈로 ‘민주주의와 동맹’을 내걸었다. 그는 “바이든 행정부는 즉흥적이지 않고 체계적·주도적으로 외교를 하기 때문에 동맹국과 우방국에 자신들이 희망하는 요구를 구체적으로 이야기할 것”이라며 “우리 입장에서는 그 문제에 대해 심사숙고해서 모호성만 유지하지 않고 입장을 정해야 하는 부담이 생긴다”고 우려했다. 북한 문제와 관련해ㅡ 정상외교를 통한 도널드 트럼프식의 ‘담판정치’는 끝났다고 봤다 . “트럼프 정부의 ‘톱다운(정상 간 회담을 중심으로 협상을 전개하는 방식)’ 외교가ㅡㅡ 근본적으로 바뀌어 ‘바텀업(실무진 간 협의 결과에 따라 정상회담까지 하는 방식)’ 외교가 전개될 것” .★★♥★ 미국의 외교 실무자가ㅡㅡ 권한을 가지고 양국이 합의에 이르는 수준까지 협상을 진전시킨 후 바이든이 직접 나서는 방식이다★★ . 북한의 실질적인 비핵화가 확인되지 않으면 양국 정상회담은 기대하기 어렵다.,2021.02.07T20:07,board_read.nhn?code=005930&nid=162781708&st=&sw=&page=1,board_read.nhn?code=005930&nid=162781766&st=&sw=&page=1
https://finance.naver.com/item/board_read.nhn?code=005930&nid=162781708&st=&sw=&page=1,뉴스에 유럽 미국 반도체 탈한국 러쉬,끝장나네요 ㅡㅡㅋ,2021.02.07T20:07,board_read.nhn?code=005930&nid=162782210&st=&sw=&page=1,board_read.nhn?code=005930&nid=162781731&st=&sw=&page=1
https://finance.naver.com/item/board_read.nhn?code=005930&nid=162782210&st=&sw=&page=1,국민의힘.김종인 대표가.일본과 해저터널을 뚫자고?,이래 망하나 저래 망하나 똑 같은거다  지금 문 또라이 보다는 낳겠지 ! 멍충이 들아 !,2021.02.07T20:15,board_read.nhn?code=005930&nid=162781476&st=&sw=&page=1,board_read.nhn?code=005930&nid=162781708&st=&sw=&page=1
https://finance.naver.com/item/board_read.nhn?code=005930&nid=162781476&st=&sw=&page=1,유럽.미국.탈 한국 한다고 하는데...,삼성물건 안쓰겠다는 뜻인가요? 뉴스에 나왔는데 한국 반도체 미래는? 그리고 우리 경제는 어케되는가요? 앞으로 시간이 흐르면 한국경제는 ?,2021.02.07T20:03,board_read.nhn?code=005930&nid=162781441&st=&sw=&page=1,board_read.nhn?code=005930&nid=162781575&st=&sw=&page=1
https://finance.naver.com/item/board_read.nhn?code=005930&nid=162781441&st=&sw=&page=1,정부에서 도와주는것도  /////////////////////////////////,정부에서 도와주는것도 한계가있다 꼭 도움이 필요한사람만 도와주고 정부가 일자리를 만들고 일할수있도록 해줘야지 임금 채불업체가 많어 특히 노가다 모두가 살기 힘들어지고있다,2021.02.07T20:03,board_read.nhn?code=005930&nid=162781427&st=&sw=&page=1,board_read.nhn?code=005930&nid=162781476&st=&sw=&page=1
https://finance.naver.com/item/board_read.nhn?code=005930&nid=162781427&st=&sw=&page=1,동학개미들이여 깨어있으라!![반도체 전기차 AI 5G 등등],동학개미들이여 깨어있으라!![반도체 전기차 AI 5G 등등] 더 이상 어리석은 정부에 정치인들에 기관에 당하지 말라!! https://open.kakao.com/o/gQhoeeUc ※ 친애하고 사랑하는 3천만 개미 동포 여러분.... 우리가 왜 죽을 때까지 고생만하며 살다가 가야 합니까!? 우리는 그러라고 태어난게 아닙니다. 우리는 우리가 노력한 만큼 부를 축적하며 번성하고 번영하며 행복과 축복을 누리며 살아갈 가치가 있는 사람들 입니다. 그러나 오늘날 그것을 누가 방해하고 있습니까!? 바로 기관과 외인투자자들 그리고 크던 작던 존재하는 공매도 세력과 작전세력들 때문 입니다. 깨어 있으셔샤 합니다. 30~40년 만에 한 번 찾아오는 큰 시장의 싸이클이 드디어 왔습니다. 이 악하고 패역한 시대에서 현대판 노아의 방주에 올라탈 분들만 들어오시길 바랍니다. 그리고 여러분은 소중합니다. 충분히 노력한 만큼 보상을 받을 가치가 있는 소중한 분들입니다. 우리는 이제 우리의 재산과 우리의 가족과 우리의 소중한 것들을 스스로 지켜내야 합니다.,2021.02.07T20:03,board_read.nhn?code=005930&nid=162781642&st=&sw=&page=1,board_read.nhn?code=005930&nid=162781441&st=&sw=&page=1
https://finance.naver.com/item/board_read.nhn?code=005930&nid=162781642&st=&sw=&page=1,윤정희를 이해할 수 없다.,뭘 어쩌라고 ? 쌍팔년도 얘기를 여기서 왜 ?,2021.02.07T20:06,board_read.nhn?code=005930&nid=162781344&st=&sw=&page=1,board_read.nhn?code=005930&nid=162781427&st=&sw=&page=1
https://finance.naver.com/item/board_read.nhn?code=005930&nid=162781344&st=&sw=&page=1,김명수 대법원장님은  왜?  법복이  검은색인지  아시나요?,위선자들하고(친문위선자 집단)섞이지마세요? ㆍ하! 사법부만큼은 정치권(친문)눈치보지 말아야 ㆍ위선자 시대엔 간신이 출세하고 간신이 승진하니,2021.02.07T20:01,board_read.nhn?code=005930&nid=162781325&st=&sw=&page=1,board_read.nhn?code=005930&nid=162781385&st=&sw=&page=1
https://finance.naver.com/item/board_read.nhn?code=005930&nid=162781325&st=&sw=&page=1,여긴 조용하네 ㅎ,코구멍에 바람만 왔다 갔다 하는겨 하루종일 입에 개거품 나겠다,2021.02.07T20:01,board_read.nhn?code=005930&nid=162780958&st=&sw=&page=1,board_read.nhn?code=005930&nid=162781344&st=&sw=&page=1
https://finance.naver.com/item/board_read.nhn?code=005930&nid=162780958&st=&sw=&page=1,문죄인이 작품이다.거기다 퍼세주의자 이재명이 니들 대통령이라고?,문죄인이는 양산별라나라로. 더불어공산당은 연금 천국으로 도망가면그만이지만. 2030. 세기들은 뭐냐? 문죄인이와 4050대깨문 세기들이 퍼지른거 니들이 다 딱을래.2030.가시나들은 아예 생각어없드라마는. 한국  코로나19로 나라 곳간 너무 열었나 g-enews 2021.02.07 19:48가-가+ 한국 국가채무비율이 급증해 재정건전성에 빨간불이 켜졌다. 신종 코로나바이러스 감염증(코로나19)에 따른 경기침체를 막기 위해 정부가 나라 곳간을 열어 돈을 뿌리는 확장재정정책을 펼치고 있지만 이에 따른 국가채무비율이 크게 늘고 있기 때문이다. 일각에서는 국가채무비율 급증으로 국가신용등급에도 악영향을 줄 것이라는 경고음도 나온다. ◇한국 국가채무비율  코로나19 따른 확장재정정책으로 급증,2021.02.07T19:55,board_read.nhn?code=005930&nid=162780915&st=&sw=&page=1,board_read.nhn?code=005930&nid=162781325&st=&sw=&page=1
https://finance.naver.com/item/board_read.nhn?code=005930&nid=162780915&st=&sw=&page=1,삼성전자 투자전략  (20210208~20210210),삼성전자 투자전략 (20210208~20210210) 1) 2021/02/08~09일 : 하락시 BUY - 120분차트에서 82000 or 81000 저항받고 상승 2) 이유는 - 현재 T/P(전환점)은 아직 완성되지 않았슴. **투자전략: 82000/81000에서 BUY ***의견입니다. https://youtu.be/bIn2cTqyeoc,2021.02.07T19:54,board_read.nhn?code=005930&nid=162780908&st=&sw=&page=1,board_read.nhn?code=005930&nid=162780958&st=&sw=&page=1
https://finance.naver.com/item/board_read.nhn?code=005930&nid=162780908&st=&sw=&page=1,이제 더러운 이 게시판도 떠난다,카아악 퉤.,2021.02.07T19:54,board_read.nhn?code=005930&nid=162780778&st=&sw=&page=1,board_read.nhn?code=005930&nid=162780915&st=&sw=&page=1
https://finance.naver.com/item/board_read.nhn?code=005930&nid=162780778&st=&sw=&page=1,큰일   났다.  ,EU도 반도체 자립 나선다는데 .. 대만 한국에 의존했던 반도체 생산하겠다는데 이제 삼성 하이닉스 끝났다 . ㅡ 서경,2021.02.07T19:52,board_read.nhn?code=005930&nid=162780771&st=&sw=&page=1,board_read.nhn?code=005930&nid=162780908&st=&sw=&page=1
https://finance.naver.com/item/board_read.nhn?code=005930&nid=162780771&st=&sw=&page=1,우주최강 미남 문재인,그럼 외계인 이란 말이냐?,2021.02.07T19:52,board_read.nhn?code=005930&nid=162780738&st=&sw=&page=1,board_read.nhn?code=005930&nid=162780778&st=&sw=&page=1
https://finance.naver.com/item/board_read.nhn?code=005930&nid=162780738&st=&sw=&page=1,월요일  삼성 전자 폭등 ~~~,~~~~~~~~~~~~~~~~~~~~~~~~~~~~~~~~~~축하 합니다 ~~~,2021.02.07T19:51,board_read.nhn?code=005930&nid=162780634&st=&sw=&page=1,board_read.nhn?code=005930&nid=162780771&st=&sw=&page=1
https://finance.naver.com/item/board_read.nhn?code=005930&nid=162780634&st=&sw=&page=1,미국 반도체에 투자해라,형이 맨날 삼전게시판에 주린이들 놀린다고 장난치는데 간만에 좋은 말씀해준다 잘들어라 삼성전자는 CUP나 GPU를 만들 기술이 전혀 없다. (사실 여건도 안된다 정치적으로) 앞으로 미래 산업이 무었이냐 전기자동차?? 하늘을 나는 자동차?? 드론??? 6G??? 그것이 무었이든간에 중요한점은 전자장치가 필수적으로 들어간다는 점이고 모든 전자 장치에는 반도체가 핵심이라는거다 지금처럼 삼성이 램이나 찍어내면 뭐가 되겠냐???? 결국은 미국 하청업체 내지는 싸구려 램이나 계속 찍어내는거다 미국의 반도체 회사들은 삼성보다 기술력이 최소 10년이상 앞서가고 있다. 판단은 본인이 해라 대가리 빠가 아니면 뭔소린지 알아 듣겠지 단순히 개미 동학운동이니 애국 주식이니 개소리 집어치워라 주식은 니들 자산이라는점을 꼭 기억해라,2021.02.07T19:50,board_read.nhn?code=005930&nid=162780608&st=&sw=&page=1,board_read.nhn?code=005930&nid=162780738&st=&sw=&page=1
https://finance.naver.com/item/board_read.nhn?code=005930&nid=162780608&st=&sw=&page=1,곧 공매도 부활시 돈벌수 있는 주식 ~~~,~~~~~~~~~~~~~~~~~~~~~~~~~~~~~~~~~우리나라 최우량주 삼성 전자 ~~~ ~~~~~~~~~~~~~~~~~~~~~~~~~~~~~~~~~~~~~~이전 공매도 있었을때 많이 오른거 잘 아시지요 ~~~,2021.02.07T19:49,board_read.nhn?code=005930&nid=162780467&st=&sw=&page=1,board_read.nhn?code=005930&nid=162780634&st=&sw=&page=1
https://finance.naver.com/item/board_read.nhn?code=005930&nid=162780467&st=&sw=&page=1,... 신입사원에게 결재  합의 권한을 주는 이상한 반도체 회사그 내막이 궁금하다면 영상을 통해 확인하세요~#삼성 #,... 신입사원에게 결재  합의 권한을 주는 이상한 반도체 회사그 내막이 궁금하다면 영상을 통해 확인하세요~#삼성 # http://mkq502.yyo.kr/y.php?s=삼성전자,2021.02.07T19:47,board_read.nhn?code=005930&nid=162780426&st=&sw=&page=1,board_read.nhn?code=005930&nid=162780608&st=&sw=&page=1
https://finance.naver.com/item/board_read.nhn?code=005930&nid=162780426&st=&sw=&page=1,형제라도 미워 ////////////////////////////////,동생이 징징 그린다 못난놈 스스로 일어나라고 도와줬건만 자꾸 돈 빌려달라하고 의지한다 한두번도 아니고 스스로 밥벌이도 못하고 스스로 무능 해지는것 같아 돈있서도 못빌려준다고했다 내가 하나님이가 언제까지 도와달라고? 나를 이용하는것 같아 개심하다 하늘은 스스로돕는자를 돕는다 집안식구가 윈수네,2021.02.07T19:46,board_read.nhn?code=005930&nid=162780262&st=&sw=&page=1,board_read.nhn?code=005930&nid=162780467&st=&sw=&page=1
https://finance.naver.com/item/board_read.nhn?code=005930&nid=162780262&st=&sw=&page=1,한국의 게임스탑 10배 올려버리자,넷게임즈가 만든 블루아카이브 2월 4일 출시 일본 양대마켓 인기 1위(구글  애플 마켓),2021.02.07T19:43,board_read.nhn?code=005930&nid=162780192&st=&sw=&page=1,board_read.nhn?code=005930&nid=162780426&st=&sw=&page=1
https://finance.naver.com/item/board_read.nhn?code=005930&nid=162780192&st=&sw=&page=1,청와대 동의서,https://www1.president.go.kr/petitions/Temp/jtMS8s 삼성전자 주주님들 악덕기업 행태에 동의좀 부탁드립니다~~ 감사합니다,2021.02.07T19:42,board_read.nhn?code=005930&nid=162780176&st=&sw=&page=1,board_read.nhn?code=005930&nid=162780262&st=&sw=&page=1
https://finance.naver.com/item/board_read.nhn?code=005930&nid=162780176&st=&sw=&page=1,삼성종토방 맞나,그지같은 정치게시판인줄 정신사나워요 영감님들,2021.02.07T19:42,board_read.nhn?code=005930&nid=162780143&st=&sw=&page=1,board_read.nhn?code=005930&nid=162780192&st=&sw=&page=1
https://finance.naver.com/item/board_read.nhn?code=005930&nid=162780143&st=&sw=&page=1,부동산은끝났다  그러나 주식판은 끝나지 않았다,1. 승부사.. 인생의 반은 이 바닥에서... 맨땅으로 헤딩하면서.. 돌파구를 찾아왔다.. 2. 그리고... 증권사삐끼의 작전주  테마주 사기판을 멸망시킬 방법을 지속적으로 연구했다. 그리고 찾아내었다.. 바로 이때다... 개미가 기관을 멸망시킬 수 있다.. 지금과 같은 기회는 100년에 한번 오는 기회다. 3. 모조리 현금화하라.,2021.02.07T19:41,board_read.nhn?code=005930&nid=162780136&st=&sw=&page=1,board_read.nhn?code=005930&nid=162780176&st=&sw=&page=1
https://finance.naver.com/item/board_read.nhn?code=005930&nid=162780136&st=&sw=&page=1,월욜 갭상 예약,안티 개관 OOO들 피눈물 소리가 들리네 ㅋㅋ,2021.02.07T19:41,board_read.nhn?code=005930&nid=162780085&st=&sw=&page=1,board_read.nhn?code=005930&nid=162780143&st=&sw=&page=1
https://finance.naver.com/item/board_read.nhn?code=005930&nid=162780085&st=&sw=&page=1,삼성전자상,삼성전자 상간다,2021.02.07T19:40,board_read.nhn?code=005930&nid=162780067&st=&sw=&page=1,board_read.nhn?code=005930&nid=162780136&st=&sw=&page=1
https://finance.naver.com/item/board_read.nhn?code=005930&nid=162780067&st=&sw=&page=1,권리락 ,권리락 조심들 하세요,2021.02.07T19:40,board_read.nhn?code=005930&nid=162780048&st=&sw=&page=1,board_read.nhn?code=005930&nid=162780085&st=&sw=&page=1
https://finance.naver.com/item/board_read.nhn?code=005930&nid=162780048&st=&sw=&page=1,8만원대는 역사적 고점...기사 참조,서울경제 美 이어 EU까지..'반도체 자립' 나섰다 맹준호 기자 next@sedaily.com 입력 2021. 02. 07. 17:52 댓글 41개 이상...크하하핫,2021.02.07T19:40,board_read.nhn?code=005930&nid=162780015&st=&sw=&page=1,board_read.nhn?code=005930&nid=162780067&st=&sw=&page=1
https://finance.naver.com/item/board_read.nhn?code=005930&nid=162780015&st=&sw=&page=1,앵무새와 똑순이대결 ,나경원똑순이 화이팅!!!,2021.02.07T19:39,board_read.nhn?code=005930&nid=162779899&st=&sw=&page=1,board_read.nhn?code=005930&nid=162780048&st=&sw=&page=1
https://finance.naver.com/item/board_read.nhn?code=005930&nid=162779899&st=&sw=&page=1,미국이어 EU 까지.반도체 자립 나섰네요.,어쩐지. 외인기관 탈출하더만.,2021.02.07T19:37,board_read.nhn?code=005930&nid=162779890&st=&sw=&page=1,board_read.nhn?code=005930&nid=162780015&st=&sw=&page=1
https://finance.naver.com/item/board_read.nhn?code=005930&nid=162779890&st=&sw=&page=1,■■우주최강미남.문에어리언  ㅋㅋㅋㅋ,내가봐도 우주최강 에어리언 ㅋㅋㅋ,2021.02.07T19:37,board_read.nhn?code=005930&nid=162779868&st=&sw=&page=1,board_read.nhn?code=005930&nid=162779899&st=&sw=&page=1
https://finance.naver.com/item/board_read.nhn?code=005930&nid=162779868&st=&sw=&page=1,김기남부회장아저씨야,김기남부회장아저씨야 반드시 미국텍사스주 오스틴시에서 토지매입했다빨리 3nm나노급 비메모리  시스템 반도체 생산라인을 건립해라 그리고 인텔  AMD ( CPU  GPU  AP칩  이미지센서) 등등비메모리 분야에 선점해야한다 자동차용 반도체 회사 NXP반도체를 M&A 인수합병해라 1분기부터 동진쎄미켐 ArFi액침용 포토레지스트 생산하니깐 제품좀 많이좀써줘라 오스틴공장에도 동진꺼좀 팍팍짜리몽땅 왕창써주세요,2021.02.07T19:37,board_read.nhn?code=005930&nid=162779867&st=&sw=&page=1,board_read.nhn?code=005930&nid=162779890&st=&sw=&page=1
https://finance.naver.com/item/board_read.nhn?code=005930&nid=162779867&st=&sw=&page=1,설이후에 천지가 개벽할 것이다,1. 2020년 코로나 사태와 정확히 같은 패턴을 보일 것... 2. 그 미디어의 내용은... 승부사 이미 다 소설로 이야기했다. 이 마지막 승부는 희대의 대사기극으로 결말지어질 것이다. ㅋㅋㅋㅋㅋㅋㅋㅋㅋㅋㅋㅋㅋㅋㅋㅋㅋㅋㅋㅋㅋ,2021.02.07T19:37,board_read.nhn?code=005930&nid=162779752&st=&sw=&page=1,board_read.nhn?code=005930&nid=162779868&st=&sw=&page=1
https://finance.naver.com/item/board_read.nhn?code=005930&nid=162779752&st=&sw=&page=1,vr,KT는 작년 초 처음으로 8K VR 스트리밍 서비스를 선보이고 여행  레저  공연 등 다양한 콘텐츠를 제공 중이다. 시장조사업체 스트래티지애널리틱스(SA)에 따르면 2025년 글로벌 AR·VR 시장 규모는 2천800억달러(약 319조원)를 넘어설 것으로 추산된다.,2021.02.07T19:35,board_read.nhn?code=005930&nid=162779544&st=&sw=&page=1,board_read.nhn?code=005930&nid=162779867&st=&sw=&page=1
https://finance.naver.com/item/board_read.nhn?code=005930&nid=162779544&st=&sw=&page=1,박영선 25.8% 안철수 19.5% 나경원 12.9%",(서울=연합뉴스) 조민정 기자 = 서울시장 주자 적합도 조사에서 더불어민주당 박영선 후보 가 선두를 차지한 여론조사 결과가 7일 나왔다. 한국리서치가 한국일보 의뢰로 지난 4∼6일 18세 이상 서울시민 800명을 대상으로 서울시 장으로 적합한 후보를 물은 결과  박 후보는 25.8%를 기록했다. 국민의당 안철수 대표는 19.5%로 오차범위(95% 신뢰수준에 ±3.5%포인트) 이내 격차로 뒤 를 이었다. 국민의힘 나경원 오세훈 후보는 각각 12.9%  9.2%였고  민주당 우상호 후보는 5.2%로 집계 됐다. 그밖에 금태섭 전 의원 1.9%  조은희 서초구청장 1.6%  열린민주당 김진애 의원 1.1%  국 민의힘 오신환 전 의원 0.5%  시대전환 조정훈 의원 0.1% 순이었다. 모름·무응답이 15.7%  '적합한 후보가 없다'는 3.5%로 나타났다.,2021.02.07T19:31,board_read.nhn?code=005930&nid=162779542&st=&sw=&page=1,board_read.nhn?code=005930&nid=162779752&st=&sw=&page=1
https://finance.naver.com/item/board_read.nhn?code=005930&nid=162779542&st=&sw=&page=1,길고양이  때렸다 /////////////////////////////////,고양이가 쓰레기봉지 다 헤집어놓아 신발벗어 때렸다 고양이가 속으로 배가고파 쓰레기헷집어 음식물 좀 먹기로소니 때린다고 욕하고 도망갔다 좀 미안하기도하고 내가 잘못한건가 ?,2021.02.07T19:31,board_read.nhn?code=005930&nid=162779475&st=&sw=&page=1,board_read.nhn?code=005930&nid=162779544&st=&sw=&page=1
https://finance.naver.com/item/board_read.nhn?code=005930&nid=162779475&st=&sw=&page=1,한국이 강국이 될려면 ?,대한민국이 살아 남는길은 삼성그룹  엘지그룹  망해야 하는거 ㅎ 엘지는 중공세작 삼성은 재용이가 불쌍해 삼성은 삼성카드의 갑질땜시 끝장나는거,2021.02.07T19:30,board_read.nhn?code=005930&nid=162779470&st=&sw=&page=1,board_read.nhn?code=005930&nid=162779542&st=&sw=&page=1
https://finance.naver.com/item/board_read.nhn?code=005930&nid=162779470&st=&sw=&page=1,원달러  달러안덱스와 정확히 커플링되고 있다,1. 이 사실을 이야기하는 인자는 승부사밖에 없을 것이다. 2. 이 말인즉슨.. 승부사.. 2파 조정의 저점을 정확히 잡아주겠다는 말이다. 현금을 확보하라.. 그리고.. 대기하라.,2021.02.07T19:30,board_read.nhn?code=005930&nid=162779404&st=&sw=&page=1,board_read.nhn?code=005930&nid=162779475&st=&sw=&page=1
https://finance.naver.com/item/board_read.nhn?code=005930&nid=162779404&st=&sw=&page=1,美 이어 EU까지..'반도체 자립' 나섰다,서울경제 美 이어 EU까지..'반도체 자립' 나섰다 맹준호 기자 next@sedaily.com 입력 2021. 02. 07. 17:52 댓글 41개 좃된듯 이상...크하하핫,2021.02.07T19:28,board_read.nhn?code=005930&nid=162779390&st=&sw=&page=1,board_read.nhn?code=005930&nid=162779470&st=&sw=&page=1
https://finance.naver.com/item/board_read.nhn?code=005930&nid=162779390&st=&sw=&page=1,건국이래 가장 나라다운모습이다.,국민에게 주어진 보고 듣고 말하기의 무한한자유. 국민청원으로 청와대에 직언하는 열린정치. 강력한 군사력으로 북한발 불안도 사라졌으니 코로나만 잠재우면 OECD최고국가다.,2021.02.07T19:28,board_read.nhn?code=005930&nid=162779337&st=&sw=&page=1,board_read.nhn?code=005930&nid=162779404&st=&sw=&page=1
https://finance.naver.com/item/board_read.nhn?code=005930&nid=162779337&st=&sw=&page=1,존경하는 판사님 저희 에이팸 좀 살려주세요,https//cafe.naver.com/aapam 소액주주가 무슨 죄가 있겠습니까? 20억 전 임원 횡령으로 80%이상 가진 소액주주들이 왜 희생되어야 할까요? 에이팸이 회생할 수 있는 기회를 주시길 간절히 소망합니다. 존경하는 판사님 저희 에이팸 좀 살려주세요,2021.02.07T19:27,board_read.nhn?code=005930&nid=162779319&st=&sw=&page=1,board_read.nhn?code=005930&nid=162779390&st=&sw=&page=1
https://finance.naver.com/item/board_read.nhn?code=005930&nid=162779319&st=&sw=&page=1,중국이,반도체에 돈을 그리 몰빵하는데 안되는 이유 일본이 한때 반도체원탑이었는데도 현제 장비쪽인프라는 톱급인데도 안되는 이유            핵심이 공정 업그레이드 능력인데 이게 대한민국이 넘사벽으로 세계원탑이다. 조선 화학 플랜트설비기술에서 반도체로 넘어온거야      수십년간의 노하우가       (밧데리도 공정단계가 화학쪽 공정하고 유사하더라     밧데리도 일등이지) 인프라 만들어지는데 수십년인데 돈으로 되는게 아니지. 고로 대한민국이 시스템반도체도 멀지 않아 접수하리라 본다. 요약해서 공정설비업그레이드를 얼마나 신속 정확하게 하는 능력이거든. 이게 대한민국이 넘버원이다. 대한민국 국민의 능력이라 본다 ,2021.02.07T19:27,board_read.nhn?code=005930&nid=162779248&st=&sw=&page=1,board_read.nhn?code=005930&nid=162779337&st=&sw=&page=1
https://finance.naver.com/item/board_read.nhn?code=005930&nid=162779248&st=&sw=&page=1,엘전ㄱㄱ,ㄱ,2021.02.07T19:26,board_read.nhn?code=005930&nid=162779192&st=&sw=&page=1,board_read.nhn?code=005930&nid=162779319&st=&sw=&page=1
https://finance.naver.com/item/board_read.nhn?code=005930&nid=162779192&st=&sw=&page=1,공매도 폐지 이유,공감하여 퍼왔습니다. 우리나라 공매도가 폐지되야 하는 이유!!! 전부 뜯어고쳐야 된다!! 1.선진증시에는 공매도 의무 상환기간이 있지만 한국에는 없다. 이자만 감당하면 된다. 2.선진증시에는 증거금이 필요하지만 한국에는 없다. 3.선진증시에는 무차입 공매도를 걸러내는 시스템이 있지만 한국은 T+2일 결제제도를 이용해 없는주식을 매도 후 2일 안에 채워 넣으면 절대로 걸리지 않는 시스템이다. 4.한국증시에는 시장조성자 제도가 있어 증권사 중에 시장조성자로 지정받은 증권사는 공매도 금지기간에도 공매도가 가능한 말도 않되는 제도가 있고 거래세도 없다. 5.한국증시 공매도 세력들은 업틱룰 위반  자전거래  무차입 공매도를 저질러도 거의 적발되지 않으며 적발된다 하더라도 과태료 몇푼 내면 그만이었다. 참고로 미국 프랑스 등 처벌기준은 징역 최대 20년 부당이득의 10배 벌금이다. 6.한국증시의 공매 거래 장부는 수기 작성한다. 전산화 하겠다고 십년전부터 얘기한게 언제인데 지금까지 수기로 작성한다 실시간 모니터링이 불가하다. 그러니 무차입 공매도가 그렇게 활개를 쳐도 못 잡아낸다 좋은 내용이라 퍼온 글 입니다. 우리나라에서 공매도가 사라져야하는 구체적인 이유입니다.,2021.02.07T19:24,board_read.nhn?code=005930&nid=162779298&st=&sw=&page=1,board_read.nhn?code=005930&nid=162779248&st=&sw=&page=1
https://finance.naver.com/item/board_read.nhn?code=005930&nid=162779298&st=&sw=&page=1,지금 대한민국은,이식들 하는 꼴 을 보면 정권 빼길것 같으면 정 은이 한 테 정권 내줄 놈 들이야,2021.02.07T19:26,board_read.nhn?code=005930&nid=162779129&st=&sw=&page=1,board_read.nhn?code=005930&nid=162779192&st=&sw=&page=1
https://finance.naver.com/item/board_read.nhn?code=005930&nid=162779129&st=&sw=&page=1,1차 의식주(옷/밥/집) 주고 시작합시다.,1차 의식주(옷/밥/집) 주고 시작합시다.,2021.02.07T19:23,board_read.nhn?code=005930&nid=162778920&st=&sw=&page=1,board_read.nhn?code=005930&nid=162779132&st=&sw=&page=1
https://finance.naver.com/item/board_read.nhn?code=005930&nid=162778920&st=&sw=&page=1,삼성전자 주식의 우상향을 바라십니까?,~대국본~으로 뭉칩시다(문재인탄핵이답이다)감사합니다,2021.02.07T19:20,board_read.nhn?code=005930&nid=162778914&st=&sw=&page=1,board_read.nhn?code=005930&nid=162779129&st=&sw=&page=1
https://finance.naver.com/item/board_read.nhn?code=005930&nid=162778914&st=&sw=&page=1,어이없는 하루였다,휴가지에서 초미세먼지 공습 당하고 하루 종일 걸어다녔는데 별 보람이 없어 넘 기가 막힌다 근데 아직도 5박 남았네,2021.02.07T19:20,board_read.nhn?code=005930&nid=162779289&st=&sw=&page=1,board_read.nhn?code=005930&nid=162778920&st=&sw=&page=1
https://finance.naver.com/item/board_read.nhn?code=005930&nid=162779289&st=&sw=&page=1,20 년 존버하면 원금 회복 가능함,삼성전자가 언제부터 올랐을까요? 몇 년 전부터입니다. 이제 기간 조정 가질 때도 됐어요. 아마 20년.,2021.02.07T19:26,board_read.nhn?code=005930&nid=162778842&st=&sw=&page=1,board_read.nhn?code=005930&nid=162778914&st=&sw=&page=1
https://finance.naver.com/item/board_read.nhn?code=005930&nid=162778842&st=&sw=&page=1,충~~~~~~~~~~~~~~성!!!!!!!!!!!!!!!!!!!!!!!!!!!!,자자자~~~~~ 다시 올라가기 때문에 월욜날 시초가에 더 사야댄다~~~~~ ~~ 앞으로는 비핵화 외치고    뒤로는 몰래 핵기술 북한으로 빼돌려도       바이든이나 트럼프가 바보기 때문에      절대로 셋컨더리 보이콧 안당한다!!!!!!!!!!!!!!!!!!! 미국몰래 15만원 갑니다~~~~~~~~~~~~~~ 상식입니다~~~~~~~~~ 이상!!!!!!!!!!!!!!!!!,2021.02.07T19:18,board_read.nhn?code=005930&nid=162778816&st=&sw=&page=1,board_read.nhn?code=005930&nid=162778905&st=&sw=&page=1
https://finance.naver.com/item/board_read.nhn?code=005930&nid=162778816&st=&sw=&page=1,곧 폭락   ,곧 폭락  ,2021.02.07T19:18,board_read.nhn?code=005930&nid=162778800&st=&sw=&page=1,board_read.nhn?code=005930&nid=162778842&st=&sw=&page=1
https://finance.naver.com/item/board_read.nhn?code=005930&nid=162778800&st=&sw=&page=1,대한민국을 살립시다,안녕하세요? 우리 대한민국을 지키기 위해 천만조직을 앱 으로 결성하고 있습니다 광화문에 나오셨던 위대하신 우파 국민들은 코로나 때문에 모일 수 가 없기 때문에 앱으로 가입해서 3.1절에 문죄인 퇴진을 외칠 것 이오니 아래 주소에 가셔서 가입해 주시길 바랍니다. https://blog.naver.com/jesusjesus486/222220722896,2021.02.07T19:18,board_read.nhn?code=005930&nid=162778735&st=&sw=&page=1,board_read.nhn?code=005930&nid=162778816&st=&sw=&page=1
https://finance.naver.com/item/board_read.nhn?code=005930&nid=162778735&st=&sw=&page=1,2-30대여 살아남아라 그러면 승자가된다,1. 승부사 진심어린 충고를 다시 한다.. 한 수십번한 거 같다.. 2.. 미디어 삐끼새끼들이.. 지속해서.. 한방을 노리라고 꼬셔온 것을 잘 알고있다. 그러나.. 인플레는... 이번 폭망이후에 발생한다.. 그것도.. 슈퍼 인플레가 온다. 고로.. 지금 생존하면.. 이후는 너희 시대가 오는 것이다. 3. 다시한번 마지막 1주일정도의 기간에 모든 것이 결정된다.. 반드시 현금을 확보하라... 부동산 물린 애들은 어쩔 수 없다.. 어차피 거지된다...이는 해결할 수가 없다. 그러나.. 주식판에는 절대로 물리지 마라... 마지막으로 진실로... 고하노라... 생존하라.,2021.02.07T19:17,board_read.nhn?code=005930&nid=162778709&st=&sw=&page=1,board_read.nhn?code=005930&nid=162778800&st=&sw=&page=1
https://finance.naver.com/item/board_read.nhn?code=005930&nid=162778709&st=&sw=&page=1,현기차 무너지면 삼성은?,무사할까?,2021.02.07T19:16,board_read.nhn?code=005930&nid=162778465&st=&sw=&page=1,board_read.nhn?code=005930&nid=162778735&st=&sw=&page=1
https://finance.naver.com/item/board_read.nhn?code=005930&nid=162778465&st=&sw=&page=1,이익공유제~~,이익공유할거면 누가 조 ㅈ빠지게 일해서 돈벌어 남존일 시키겠냐? 너 같으면 남들보다 더 열심히 살아서 재산불리것냐? 나와 내 자손에게 가난을 물려주지 않으려고 조 ㅈ빠지게 일하는거다 이익공유제 논 하기전에 니 재산먼저 사회에 환원시켜라 공산빨갱이들 주식에 쥐꼬리만한 세금물린다니깐 입에 개거품물고 대드는 라도깽깽이들이 이익공유제를 논하냐?,2021.02.07T19:12,board_read.nhn?code=005930&nid=162778340&st=&sw=&page=1,board_read.nhn?code=005930&nid=162778709&st=&sw=&page=1
