date,title,content,url,previousDiscussionUrl,nextDiscussionUrl
2021.02.18T00:41,차라리 승계용이 아니고 생계형이라면?,증권시장 호황일때 같이가주고 조정할때 조정하면 누가 뭐라고 하겠습니까? 남들 다 달릴때 게거름치고 이제 본격전인 조정 장세에 진입하니까 가장 먼저 챙기는 세상에서 가장 편엽핸 악질중에 상악질~~,https://finance.naver.com/item/board_read.nhn?code=207940&nid=164126978&st=&sw=&page=1,board_read.nhn?code=207940&nid=164130482&st=&sw=&page=1,board_read.nhn?code=207940&nid=164130130&st=&sw=&page=1
2021.02.18T02:58,수급이...,개미바이오로직스ㅠㅠ,https://finance.naver.com/item/board_read.nhn?code=207940&nid=164130482&st=&sw=&page=1,board_read.nhn?code=207940&nid=164136133&st=&sw=&page=1,board_read.nhn?code=207940&nid=164126978&st=&sw=&page=1
2021.02.18T07:56,삼성그룹 주주 단톡방입니다,삼성그룹 지배구조 관련 정보 공유방입니다. https://open.kakao.com/o/gTssdoyc 참여코드 삼성전자.종목코드 삼성그룹주주방 모임방에 오신걸 환영합니다 1 가입인사 2 공지 읽고 투표에 참여하기 3 1번 2번 순서대로 불이행시 강퇴됨 4. 단톡방 규칙을 꼭 읽어보시기 바랍니다 도배성 광고로 공지대로 하지 않을 경우 입장 후 강퇴됩니다 늦은 시간에.가입하셔도 꼭 인사와 투표해주세요 -,https://finance.naver.com/item/board_read.nhn?code=207940&nid=164136133&st=&sw=&page=1,board_read.nhn?code=207940&nid=164139862&st=&sw=&page=1,board_read.nhn?code=207940&nid=164130482&st=&sw=&page=1
2021.02.18T08:41,존림 ,한심한,https://finance.naver.com/item/board_read.nhn?code=207940&nid=164139862&st=&sw=&page=1,board_read.nhn?code=207940&nid=164141650&st=&sw=&page=1,board_read.nhn?code=207940&nid=164136133&st=&sw=&page=1
2021.02.18T08:51,778000원에350주매수완,■■■■■■■■■■■■■■■■■,https://finance.naver.com/item/board_read.nhn?code=207940&nid=164141650&st=&sw=&page=1,board_read.nhn?code=207940&nid=164143916&st=&sw=&page=1,board_read.nhn?code=207940&nid=164139862&st=&sw=&page=1
2021.02.18T09:02,오늘 상가네요,외인 들어옵니다~~ 개미들 킵킵,https://finance.naver.com/item/board_read.nhn?code=207940&nid=164143916&st=&sw=&page=1,board_read.nhn?code=207940&nid=164144149&st=&sw=&page=1,board_read.nhn?code=207940&nid=164141650&st=&sw=&page=1
2021.02.18T09:03,불법상장했어면 상폐되야죠?,...,https://finance.naver.com/item/board_read.nhn?code=207940&nid=164144149&st=&sw=&page=1,board_read.nhn?code=207940&nid=164146315&st=&sw=&page=1,board_read.nhn?code=207940&nid=164143916&st=&sw=&page=1
2021.02.18T09:08,그만 팔아요ㅠ,가지고 있어요 팔지말고 진득하게,https://finance.naver.com/item/board_read.nhn?code=207940&nid=164146315&st=&sw=&page=1,board_read.nhn?code=207940&nid=164150313&st=&sw=&page=1,board_read.nhn?code=207940&nid=164144149&st=&sw=&page=1
2021.02.18T09:17,오늘 부터 터집니다,드래곤이 조만간 가석방되고 점핑 예상 이미 1년 살았죠 ~~ 슬슬 좌파들도 선거 준비하려면 ~~ 드래곤 나오면 아마도 다시는 또같은 실수를 안할급니다 삼바 삼전 급등 예상,https://finance.naver.com/item/board_read.nhn?code=207940&nid=164150313&st=&sw=&page=1,board_read.nhn?code=207940&nid=164154600&st=&sw=&page=1,board_read.nhn?code=207940&nid=164146315&st=&sw=&page=1
2021.02.18T09:27,K바이오=삼성바이오로직스 목표가 90 000 000원 제시 ㅋ,삼성 SK가 미래산업으로 낙점 그 외 개잡주 작전주는 부도파산 당하기전에 무조건 매도쳐라 니네 이혼당함 이재용회장님 하루빨리 석방 기원함. ㅋㅋ,https://finance.naver.com/item/board_read.nhn?code=207940&nid=164154600&st=&sw=&page=1,board_read.nhn?code=207940&nid=164157846&st=&sw=&page=1,board_read.nhn?code=207940&nid=164150313&st=&sw=&page=1
2021.02.18T09:35,샐트형가는데,가야지 과학~~,https://finance.naver.com/item/board_read.nhn?code=207940&nid=164157846&st=&sw=&page=1,board_read.nhn?code=207940&nid=164164546&st=&sw=&page=1,board_read.nhn?code=207940&nid=164154600&st=&sw=&page=1
2021.02.18T09:51,이놈 상폐 안시키는 이유..,힘이 쎄서입니다. 다른 바이오주 같으면 진작에 상폐입니다.,https://finance.naver.com/item/board_read.nhn?code=207940&nid=164164546&st=&sw=&page=1,board_read.nhn?code=207940&nid=164165636&st=&sw=&page=1,board_read.nhn?code=207940&nid=164157846&st=&sw=&page=1
2021.02.18T09:54,앤 거래량이 14000 뿐인데,벌써 6000오르니 귀신 주식인가!!!,https://finance.naver.com/item/board_read.nhn?code=207940&nid=164165636&st=&sw=&page=1,board_read.nhn?code=207940&nid=164172759&st=&sw=&page=1,board_read.nhn?code=207940&nid=164164546&st=&sw=&page=1
2021.02.18T10:12,소상공인 대출로 주식 사자,식당 카페 유흥 하지말자 대출로 주식사라 하루 매출 여기서 만회,https://finance.naver.com/item/board_read.nhn?code=207940&nid=164172759&st=&sw=&page=1,board_read.nhn?code=207940&nid=164174072&st=&sw=&page=1,board_read.nhn?code=207940&nid=164165636&st=&sw=&page=1
2021.02.18T10:15,모두 탈출하시오~,셀트리온이 내리고 있습니다~ 이주식은 셀트 그림자입니다~,https://finance.naver.com/item/board_read.nhn?code=207940&nid=164174072&st=&sw=&page=1,board_read.nhn?code=207940&nid=164180575&st=&sw=&page=1,board_read.nhn?code=207940&nid=164172759&st=&sw=&page=1
2021.02.18T10:32,바이오엔 사기꾼이,반이라면서요?,https://finance.naver.com/item/board_read.nhn?code=207940&nid=164180575&st=&sw=&page=1,board_read.nhn?code=207940&nid=164181513&st=&sw=&page=1,board_read.nhn?code=207940&nid=164174072&st=&sw=&page=1
2021.02.18T10:34,셀트리온 항체치료제 임상3상  3개월 뒤 투여 종료 예상",온세계에서 주문폭주로~ 날개를 축하합니다~,https://finance.naver.com/item/board_read.nhn?code=207940&nid=164181513&st=&sw=&page=1,board_read.nhn?code=207940&nid=164190735&st=&sw=&page=1,board_read.nhn?code=207940&nid=164180575&st=&sw=&page=1
2021.02.18T10:56,778000원에560주매수 좋다,■■■■■■■■■■■■■■■■,https://finance.naver.com/item/board_read.nhn?code=207940&nid=164190735&st=&sw=&page=1,board_read.nhn?code=207940&nid=164207712&st=&sw=&page=1,board_read.nhn?code=207940&nid=164181513&st=&sw=&page=1
2021.02.18T11:44,지금이라도 늦지않았다!,대통령 총리 식약청장은 삼바하고 한동네 있는 삼바는 팻싱하고 셀트 및 타 회사는 다 방문하면서도 비록 하청 공장이지만 명색히 세계 최대 규모인 삼바는 단 한번도 거론하지 않았고 얼씬도 않했다는 것은 한마디로 정상으로 보지 않고 있다는 거다 이딴거 다 불식시키고 삼바가 승계용 분식집 소리를 듣지 않으려면 지금이라도 에피스를 이용해서 화이자 만큼은 아니더라도 모더나급 정도 백신을 만들어서 모든 구설수를 일시에 날려버릴때 비로서 정당성을 인정받을 수 있지 지금처럼 신경안쓰고 손쉽게 남이 만들어주는 것 카피나 한다면 미래에 대한 보장은 없고 걸코 도태되고 만다는 것을 각오해야 한다,https://finance.naver.com/item/board_read.nhn?code=207940&nid=164207712&st=&sw=&page=1,board_read.nhn?code=207940&nid=164210737&st=&sw=&page=1,board_read.nhn?code=207940&nid=164190735&st=&sw=&page=1
2021.02.18T11:53,삼성바이오로직서,최고주식 힘내라 상한번가자 최고주식 상한번가자 힘내라 ~^~^,https://finance.naver.com/item/board_read.nhn?code=207940&nid=164210737&st=&sw=&page=1,board_read.nhn?code=207940&nid=164211987&st=&sw=&page=1,board_read.nhn?code=207940&nid=164207712&st=&sw=&page=1
2021.02.18T11:57,하... 한심하다,그냥 한심하다. 뭘해도 니들은 오르는구나.. 한심하다..,https://finance.naver.com/item/board_read.nhn?code=207940&nid=164211987&st=&sw=&page=1,board_read.nhn?code=207940&nid=164217858&st=&sw=&page=1,board_read.nhn?code=207940&nid=164210737&st=&sw=&page=1
2021.02.18T12:16,삼성바이오도 코로나 백신,생산 하거나 생산 계획이 있나요?,https://finance.naver.com/item/board_read.nhn?code=207940&nid=164217858&st=&sw=&page=1,board_read.nhn?code=207940&nid=164220916&st=&sw=&page=1,board_read.nhn?code=207940&nid=164211987&st=&sw=&page=1
2021.02.18T12:25,삼바 경영진들 보시오~~,대통령 총리 식약 청장은 삼바하고 한동네 있는 삼바는 철저하게 팻싱하고 셀트 및 타 회사는 다 방문하면서도 비록 하청 공장이지만 명색히 세계 최대 규모를 자랑하는 삼바는 지금까지 단 한번도 거론하지 않았고 얼씬도 않했다는 것은 한마디로 회사에 대한 불신으로 정상으로 보지 않고 있다는 거 아닌가요? 이렇게 노골적으로 무시당하면서 삼바가 승계용 분식집 소리를 듣지 않으려면 지금이라도 에피스를 앞세워 화이자 만큼은 아니더라도 모더나급 정도 백신을 만들어서 존재감을 보여줄때 모든 불신과 구설수를 일시에 날려버릴수 있고 비로서 삼바의 정당성을 인정 받을 수 있다고 봅니다. 지금처럼 신경 안쓰고 손쉽게 남이 만들어 주는 것 카피나 하고 하청공장으로 치부당하면 미래에 대한 보장은 없고 결국 국민들께 외면 당하고 도태되고 만다는 것을 직시하셔야 할것이오!,https://finance.naver.com/item/board_read.nhn?code=207940&nid=164220916&st=&sw=&page=1,board_read.nhn?code=207940&nid=164225518&st=&sw=&page=1,board_read.nhn?code=207940&nid=164218593&st=&sw=&page=1
2021.02.18T12:38,삼바 오르는 이유가 뭘까요?,셀트보다도 못한거 같은덕 주식은 비싼이유가 있나요? 분식회계하고도 이렇게 유지되는 이유? 안티가 아니라 진짜 알고싶어서 물어요,https://finance.naver.com/item/board_read.nhn?code=207940&nid=164225518&st=&sw=&page=1,board_read.nhn?code=207940&nid=164227994&st=&sw=&page=1,board_read.nhn?code=207940&nid=164220916&st=&sw=&page=1
2021.02.18T12:45,분식 회계,상폐안하는거죠???,https://finance.naver.com/item/board_read.nhn?code=207940&nid=164227994&st=&sw=&page=1,board_read.nhn?code=207940&nid=164236555&st=&sw=&page=1,board_read.nhn?code=207940&nid=164225518&st=&sw=&page=1
2021.02.18T13:09,개잡주~,너무 표나게 주가조작질하네,https://finance.naver.com/item/board_read.nhn?code=207940&nid=164236555&st=&sw=&page=1,board_read.nhn?code=207940&nid=164237622&st=&sw=&page=1,board_read.nhn?code=207940&nid=164227994&st=&sw=&page=1
2021.02.18T13:12,그래도 하락장에서 삼바는 잘버티네,하락장에서 버티는놈은 먼가 있다 !,https://finance.naver.com/item/board_read.nhn?code=207940&nid=164237622&st=&sw=&page=1,board_read.nhn?code=207940&nid=164241714&st=&sw=&page=1,board_read.nhn?code=207940&nid=164236555&st=&sw=&page=1
2021.02.18T13:23,물통이 잘버티네 그랴,아무것도없는것이대단혀 삼성타이틀만달면           ,https://finance.naver.com/item/board_read.nhn?code=207940&nid=164241714&st=&sw=&page=1,board_read.nhn?code=207940&nid=164244930&st=&sw=&page=1,board_read.nhn?code=207940&nid=164237622&st=&sw=&page=1
2021.02.18T13:31,조선 바이오는 모다? 캐사기다~~,불과 몇년전 1만원대 놀던 주시기를 .10배 넘게 땡긴다음..지덜끼리 물고 빨고하다가 . 손님 떨어지니까 뉴스 띄우구 하한가 보내 낙폭 과대인척 하는 신라젠 헬릭스미스..똑같은 패턴이지만 아직 꼴아박기전인 제넥신 메지온 셀트리온 sk바 삼바..이제 꼴아박기 시작하는 신풍 에이치엘비 박셀바이오 메디톡스..이런데 들어가는 혹우 없겠지?,https://finance.naver.com/item/board_read.nhn?code=207940&nid=164244930&st=&sw=&page=1,board_read.nhn?code=207940&nid=164244967&st=&sw=&page=1,board_read.nhn?code=207940&nid=164241714&st=&sw=&page=1
2021.02.18T13:32,cmo~~~,cmo하는 등신 주식이 이런장에서 오르네...참나,https://finance.naver.com/item/board_read.nhn?code=207940&nid=164244967&st=&sw=&page=1,board_read.nhn?code=207940&nid=164246539&st=&sw=&page=1,board_read.nhn?code=207940&nid=164244930&st=&sw=&page=1
2021.02.18T13:36,중국산,알바 사장이 회사를 조지네,https://finance.naver.com/item/board_read.nhn?code=207940&nid=164246539&st=&sw=&page=1,board_read.nhn?code=207940&nid=164260435&st=&sw=&page=1,board_read.nhn?code=207940&nid=164244967&st=&sw=&page=1
2021.02.18T14:13,토론방 분위기 너무 좋다,셀충들과 안티들의 향연 캬~ 이런 분위기 너무 좋아ㅋ 왜냐고? 찬티는 갈 주식도 못 가게하거든ㅎㅎ,https://finance.naver.com/item/board_read.nhn?code=207940&nid=164260435&st=&sw=&page=1,board_read.nhn?code=207940&nid=164264555&st=&sw=&page=1,board_read.nhn?code=207940&nid=164246539&st=&sw=&page=1
2021.02.18T14:24,빽이좋아,역시 삼빠는 빽이좋아 다른주식들은 전부 스머프인데. .   이잡주는 빨간불 ㅋㅋ 이런회사도 주식이라고. ..!,https://finance.naver.com/item/board_read.nhn?code=207940&nid=164264555&st=&sw=&page=1,board_read.nhn?code=207940&nid=164267636&st=&sw=&page=1,board_read.nhn?code=207940&nid=164260435&st=&sw=&page=1
2021.02.18T14:33,뭐했다고 오르지,더올리고 싶은대 지금 눈치보여서 조금만 올리는중,https://finance.naver.com/item/board_read.nhn?code=207940&nid=164267636&st=&sw=&page=1,board_read.nhn?code=207940&nid=164269164&st=&sw=&page=1,board_read.nhn?code=207940&nid=164264555&st=&sw=&page=1
2021.02.18T14:37,이건 주식인지 돈게임인지...ㅡㅡㅋ,워낙 고점에 물려서 빠지지도 못하고... 하염없이 바라보고만 있습니다. 이럴 줄 알았으면 안들어왔는데... 참... 이건 거개량도 얼마 안되는데... 장난치기 딱 좋은 주식인데... 어느덧 시가총액은 7위까지 갔네요. 재용이형이 삼전 어쩌고 하려면 이게 중요하다고 그러던데... 옆에서 구경하면서 떡이나 얻어먹으려고 기다리고 있습니다. 이건 머... 떨어져도 올라도 그다지 감흥이... 암튼 다시는 이런 몸집이 큰 주식에는 다시는 안하는 것으로...^^,https://finance.naver.com/item/board_read.nhn?code=207940&nid=164269164&st=&sw=&page=1,board_read.nhn?code=207940&nid=164286216&st=&sw=&page=1,board_read.nhn?code=207940&nid=164267636&st=&sw=&page=1
2021.02.18T15:19,이런 악조건 속에서 보합이라...,이걸 좋다고해야하나 워낙 거래량이 없으니..... 오늘같은 악조건 속에서도 변동이 없네요,https://finance.naver.com/item/board_read.nhn?code=207940&nid=164286216&st=&sw=&page=1,board_read.nhn?code=207940&nid=164287475&st=&sw=&page=1,board_read.nhn?code=207940&nid=164269164&st=&sw=&page=1
2021.02.18T15:21,머냐,1000원은 삼성 쉴드막이냐,https://finance.naver.com/item/board_read.nhn?code=207940&nid=164287475&st=&sw=&page=1,board_read.nhn?code=207940&nid=164287866&st=&sw=&page=1,board_read.nhn?code=207940&nid=164286216&st=&sw=&page=1
2021.02.18T15:22,이주식은 토론방도 조용조용,다른방들은 시끌벅적한데 여기는 항상 조용하네요 사고 팔고 활발하게 이루어지는 주식은 아니다보니 토론방 관심도도 좀 떨어지는 듯,https://finance.naver.com/item/board_read.nhn?code=207940&nid=164287866&st=&sw=&page=1,board_read.nhn?code=207940&nid=164290028&st=&sw=&page=1,board_read.nhn?code=207940&nid=164287475&st=&sw=&page=1
2021.02.18T15:28,눈치는 보였나보네 ㅋㅋㅋ,동시호가 처빼는거보니 과학~,https://finance.naver.com/item/board_read.nhn?code=207940&nid=164290028&st=&sw=&page=1,board_read.nhn?code=207940&nid=164291854&st=&sw=&page=1,board_read.nhn?code=207940&nid=164287866&st=&sw=&page=1
2021.02.18T15:33,10거래일 연속 음봉.. ㅋ,이거 망하는 회사 트랜드인데..ㅋ ㅎㅎㅎ,https://finance.naver.com/item/board_read.nhn?code=207940&nid=164291854&st=&sw=&page=1,board_read.nhn?code=207940&nid=164293585&st=&sw=&page=1,board_read.nhn?code=207940&nid=164290028&st=&sw=&page=1
2021.02.18T15:37,그냥 망해라 그지같은 종목,쓰레기 종목이네 ㅈㅇ 이 넌 나오긴 글렀더,https://finance.naver.com/item/board_read.nhn?code=207940&nid=164293585&st=&sw=&page=1,board_read.nhn?code=207940&nid=164297097&st=&sw=&page=1,board_read.nhn?code=207940&nid=164291854&st=&sw=&page=1
2021.02.18T15:47,막판에 6 004주 ㄱㅅ 끼는 뭐죠?,저건 뭐죠 막판에 6 004한꺼 반에 단진 세끼 의도적이네,https://finance.naver.com/item/board_read.nhn?code=207940&nid=164297097&st=&sw=&page=1,board_read.nhn?code=207940&nid=164305369&st=&sw=&page=1,board_read.nhn?code=207940&nid=164293585&st=&sw=&page=1
2021.02.18T16:21,계속 아래로  아래로 ,주식처음 해보나 척보면 앱니다  아래로  언제까지 ~~ 공모가 까지   진짜다 ,https://finance.naver.com/item/board_read.nhn?code=207940&nid=164305369&st=&sw=&page=1,board_read.nhn?code=207940&nid=164309748&st=&sw=&page=1,board_read.nhn?code=207940&nid=164297097&st=&sw=&page=1
2021.02.18T16:43,내일 11음봉 기록한다.,10음봉 기록하는게 뭔 바이오 대장주?! 닝기리~,https://finance.naver.com/item/board_read.nhn?code=207940&nid=164309748&st=&sw=&page=1,board_read.nhn?code=207940&nid=164318377&st=&sw=&page=1,board_read.nhn?code=207940&nid=164305369&st=&sw=&page=1
2021.02.18T17:35,천원상승으로 희망고문이냐?,인내심... 사리 나오것다,https://finance.naver.com/item/board_read.nhn?code=207940&nid=164318377&st=&sw=&page=1,board_read.nhn?code=207940&nid=164326732&st=&sw=&page=1,board_read.nhn?code=207940&nid=164309748&st=&sw=&page=1
2021.02.18T18:42,얘들아 안녕  첨으로 삼성꺼 매수했다 여긴초상집이네 그러지말고,웃자 아마도 내일은 괜찬을꺼다이데일리 김호준 기자] “풍림파마텍은 국제 백신 기업들로부터 세계 최고 수준의 기술로 인정받고 있으며  미국 FDA 인증을 받음으로써 화이자 백신 접종에 사용될 전망입니다.” (문재인 대통령) “한국 중소기업의 의지  삼성의 기술  정부의 지원 3박자가 만들어낸 결정체입니다.” (권칠승 중소벤처기업부 장관) 문재인 대통령과 권칠승 중소벤처기업부 장관이 코로나19 백신 접종 마지막 열쇠로 일컬어지는 백신 주사기 생산현장을 점검했다. 문 대통령과 권 장관은 전 세계적으로 물량이 부족한 백신 주사기를 생산한 국내 중소 제조업체들을 ‘K-방역’의 주역이라고 격려했다. 문 대통령과 권 장관은 18일 오후 최소잔여형 (LDS) 주사기로 최근 미국 식품의약국(FDA) 정식 승인을 받은 전북 군산의 풍림파마텍을 방문해 신아양행  두원메디컬 등 주사기 업체 대표들과 간담회를 갖고 백신 주사기 공급에 노력해 준 것을 격려했다. 이날 문 대통령과 권 장관이 방문한 풍림파마텍은 중기부와 삼성전자가 함께 대·중소 상생형 스마트공장을 통해 단 1개월 만에 안전보호장치가 장착된 LDV(Loew Dead Volume) 백신 주사기 월 1000만개 이상 양산체계를 구축했다. 또한 삼성바이오에피스·삼성바이오로직스 등과 협력해 지난 1월 18일 FDA에 주사기 사용 승인을 신청  어제(17일) 정식으로 승인받았다. 문재인 대통령은 “이번 미국 FDA 인증에는 식약처와 함께 삼성바이오에피스의 도움이 컸다”며 “삼성바이오에피스 고한승 대표님이 함께해 감사드린다”고 말했다. 18일 오후 권칠승 중소벤처기업부 장관이 전북 군산에 있는 풍림파마텍 백신 주사기 생산 현장을 방문해 인터뷰하고 있다. (사진=중기부) 18일 오후 권칠승 중소벤처기업부 장관이 전북 군산에 있는 풍림파마텍 백신 주사기 생산 현장을 방문해 인터뷰하고 있다. (사진=중기부) 이번 FDA 승인에 따라 풍림파마텍은 미국 제약회사와의 수출 협의를 본격 진행할 예정이다. 회사 측은 이미 미국에서 1억8000만개  일본에서 약 8000만개 등 백신 주사기 공급 문의가 쇄도하고 있다고 설명했다. 아울러 현재 건립 중인 제3공장(신공장)에도 월 1000만개 이상의 백신주사기 스마트공장 생산체계를 추가로 구축해 월 2000만개 이상의 세계 최대 규모의 백신 주사기 공급체계를 갖출 계획이다. 또한 풍림파마텍은 국민들을 위해 12만7000개 주사기를 무상으로 제공할 예정이다. 백신 주사기를 생산한 업체들은 지난해부터 공급량 급증에 대비해 생산설비 증설 등 국내 백신 접종에 차질이 없도록 충분한 공급체계를 갖추고 있다고 밝혔다. 두원메디텍은 질병관리청으로부터 코로나19 백신 접종용 주사기 납품업체로 선정돼 7월 말까지 총 2750만개를 공급한다. 또한 선제적인 설비투자로 기존 생산량의 3배 이상의 납품 능력을 갖췄다. 신아양행 역시 질병관리청에 상반기까지 총 1250만개를 공급할 예정이며  1995년부터 지금까지 미국에 약 5억개 최소잔여형 주사기 수출 경험을 토대로 최근 유럽  중동 등 여러 국가와 수출 관련 논의를 하고 있다. 문재인 대통령은 “오는 26일부터 시작되는 백신 예방접종도 반드시 성공으로 이끌겠다”며 “정부는 충분한 물량의 백신과 주사기를 확보했고  예방접종 계획도 빈틈없이 마련했다. 코로나 예방과 치료 모든 면에서 국민께서 더욱 안심하실 수 있도록 최선을 다하겠다”고 말했다. 권칠승 장관은 “민·관 상생협력에 풍림파마텍의 성과를 토대로 풍림 외 백신 주사기 업체에 대해서도 스마트공장 보급을 추진 중”이라며 “K-방역 중소기업 제조혁신을 위해 올해부터 제약·의료분야 업종특화 스마트공장 보급을 본격 추진할 계획”이라고 말했다. 김호준 (kazzyy@edaily.co.kr),https://finance.naver.com/item/board_read.nhn?code=207940&nid=164326732&st=&sw=&page=1,board_read.nhn?code=207940&nid=164328188&st=&sw=&page=1,board_read.nhn?code=207940&nid=164318377&st=&sw=&page=1
2021.02.18T18:57,캬,삼바 실적 지린다,https://finance.naver.com/item/board_read.nhn?code=207940&nid=164328188&st=&sw=&page=1,board_read.nhn?code=207940&nid=164328702&st=&sw=&page=1,board_read.nhn?code=207940&nid=164326732&st=&sw=&page=1
2021.02.18T19:02,차트보니 ,내일도 파랭이네..수급은 쪼끔 좋기는한데..야는 언제 오르는겨 손절하고 나가고 싶다. 이제는 내일도 기대가 안된다. 그냥 그려러니..,https://finance.naver.com/item/board_read.nhn?code=207940&nid=164328702&st=&sw=&page=1,board_read.nhn?code=207940&nid=164328766&st=&sw=&page=1,board_read.nhn?code=207940&nid=164328188&st=&sw=&page=1
2021.02.18T19:03,얘들아 주식사고 찬티는 아닐찌라도 안티는 하지마라 복은 마음부터 있는거다,어저께 우리금융을 처음 사서 실현손익이 15.000.000원이었는데 완전 물렸자나 근데 오늘 복구했다 그렇듯 여기서도 조은 맘가져라 기관도 들어왔네 내일을 꿈꾸며 주식을 즐기자 한번 해보자 그리고 여기 주포계시걸랑 늘 부탁드려요 내일 한번 신고식 제대로 보여주세요,https://finance.naver.com/item/board_read.nhn?code=207940&nid=164328766&st=&sw=&page=1,board_read.nhn?code=207940&nid=164329120&st=&sw=&page=1,board_read.nhn?code=207940&nid=164328702&st=&sw=&page=1
2021.02.18T19:06,얘들아 내일은 786.000원부터 시작한다 즐기자,주말인데 양주는 아닐찌라도 막걸리 한잔은 하자꾸나 알겠지?,https://finance.naver.com/item/board_read.nhn?code=207940&nid=164329120&st=&sw=&page=1,board_read.nhn?code=207940&nid=164334901&st=&sw=&page=1,board_read.nhn?code=207940&nid=164328766&st=&sw=&page=1
2021.02.18T20:11,더이상 무분별 상승 막겠다,이제 추가적인 경기부양은 없습니다  국내증시 개인투자자들의 매도가 나오고있습니다. 실물경제와 너무다른 국내증시 어떻게 될까요? - 공매도가 확정되었습니다 다시 재개하면 그 피해는 누가받을까요 앞으로의 전체시장흐름 어떻게 될까요? - 경제가 거품이라는건 누가봐도 알겠습니다 다만 증시는 오르고있습니다. 왜 이런 갭이 발생할까요? - 무리한 경기부양책으로 인한 주식시장의 올바른 흐름을 배우세요. 1. 내가 어떤 종목을 투자하기전에 나무를 보기전에 우리는 숲을봐아합니다 전체시장의 방향을 먼저 배우시고 주식을 대응하세요. 2. 상한가주식 급하게 오르는 주식이 아닌 회사의 가치가 충분한 모멘텀 주식투자를 하셔야합니다 이제 올바른 시장가치를 받을 회사를 분석해보세요. 3. 2주마다 격주 토요일 주식 실전강의를 진행해 드립니다. 또한 질문마다 친절하게 답변드리며 같이 성장 할수있도록 도와드릴테니 와서 도움 받으시기 바랍니다.,https://finance.naver.com/item/board_read.nhn?code=207940&nid=164334901&st=&sw=&page=1,board_read.nhn?code=207940&nid=164334926&st=&sw=&page=1,board_read.nhn?code=207940&nid=164329120&st=&sw=&page=1
2021.02.18T20:11,1750만 주,갖고 노니까 시세 올리기 쉽지? 내리기도 쉬울 껄?,https://finance.naver.com/item/board_read.nhn?code=207940&nid=164334926&st=&sw=&page=1,board_read.nhn?code=207940&nid=164336293&st=&sw=&page=1,board_read.nhn?code=207940&nid=164334901&st=&sw=&page=1
2021.02.18T20:27,에피스 상장 시켜서 정당한 합병 이었다는걸 보여쥐라18,제일모직이 오히려 손해보고 합병했다 쌈바 주가가 증명해 주고있다 기업의 가치를 모르는 국개의원 박용지니가 불법합병이라고 삽질하는데 에피스를 상장시키면 제일모직 가치가 맞았다는걸 정확히 보여 줄수있다 에피스 상장시켜라18,https://finance.naver.com/item/board_read.nhn?code=207940&nid=164336293&st=&sw=&page=1,board_read.nhn?code=207940&nid=164338081&st=&sw=&page=1,board_read.nhn?code=207940&nid=164334926&st=&sw=&page=1
2021.02.18T20:49,경쟁상대도안되는것이,바이오산업이 얼마나 성장성 있는지는 알아가지고 남의발목잡고 늘어지네 이제좀 놓고 정정당당히 마스크업체와 경쟁하세요,https://finance.naver.com/item/board_read.nhn?code=207940&nid=164338081&st=&sw=&page=1,board_read.nhn?code=207940&nid=164344585&st=&sw=&page=1,board_read.nhn?code=207940&nid=164336293&st=&sw=&page=1
2021.02.18T22:13,K바이오=삼성바이오로직스 목표가 90 000 000원 제시 ㅋ,삼성 SK가 미래산업으로 낙점 그 외 개잡주 작전주는 부도파산 당하기전에 무조건 매도쳐라 니네 이혼당함 이재용회장님 하루빨리 석방 기원함. ㅋㅋ,https://finance.naver.com/item/board_read.nhn?code=207940&nid=164344585&st=&sw=&page=1,board_read.nhn?code=207940&nid=164356412&st=&sw=&page=1,board_read.nhn?code=207940&nid=164338081&st=&sw=&page=1
2021.02.19T02:15,이제부터 삼바와 같이 지속적 실적장으로 전환 ~,바이오 업체 중  지속적 실적장 돌입,https://finance.naver.com/item/board_read.nhn?code=207940&nid=164356412&st=&sw=&page=1,board_read.nhn?code=207940&nid=164356540&st=&sw=&page=1,board_read.nhn?code=207940&nid=164344585&st=&sw=&page=1
2021.02.19T02:24,얘들아 남의껏 가져오는건좋치만 너에 인간성을 보고픈거라 그래도우리는 동전주는,아니잖니.. 안그런것이냐? 이쁘게 출발을 해야 주포님도 출근길에 우리를 도와주지 안그런것이냐 이쁜맘 간직해라 주식 몇장에 사나이가 어디로 빠지겠니?,https://finance.naver.com/item/board_read.nhn?code=207940&nid=164356540&st=&sw=&page=1,board_read.nhn?code=207940&nid=164356609&st=&sw=&page=1,board_read.nhn?code=207940&nid=164356412&st=&sw=&page=1
2021.02.19T02:29,절약주사기 만드는데 도움 준 삼성바이오,https://news.naver.com/main/read.nhn?mode=LSD&mid=shm&sid1=100&oid=008&aid=0004545563,https://finance.naver.com/item/board_read.nhn?code=207940&nid=164356609&st=&sw=&page=1,board_read.nhn?code=207940&nid=164356668&st=&sw=&page=1,board_read.nhn?code=207940&nid=164356540&st=&sw=&page=1
2021.02.19T02:33,쓸데 업는 말일지 몰라도 때가 되면 그분이 올안에 추석전에 오셔요,그게 기업입니다 저는 그래야만 된다고 생각해요,https://finance.naver.com/item/board_read.nhn?code=207940&nid=164356668&st=&sw=&page=1,board_read.nhn?code=207940&nid=164356754&st=&sw=&page=1,board_read.nhn?code=207940&nid=164356609&st=&sw=&page=1
2021.02.19T02:39,함께 합시다 노력합시다  흔릴림없이  그게 삼성,우리함께 하는게 삼성인거야 알기나 하세요? 함부로 삼성을 말하지 마세요 주가 잃었다고 그건 너의실수인거라 아시나요?,https://finance.naver.com/item/board_read.nhn?code=207940&nid=164356754&st=&sw=&page=1,board_read.nhn?code=207940&nid=164361114&st=&sw=&page=1,board_read.nhn?code=207940&nid=164356668&st=&sw=&page=1
2021.02.19T07:28,이제 겨우 10만원 밖에 안빠졌네~,10만원 더 빠져라^^,https://finance.naver.com/item/board_read.nhn?code=207940&nid=164361114&st=&sw=&page=1,board_read.nhn?code=207940&nid=164361865&st=&sw=&page=1,board_read.nhn?code=207940&nid=164356754&st=&sw=&page=1
2021.02.19T07:44,삼성그룹 주주 단톡방입니다,삼성그룹 지배구조 관련 정보 공유방입니다. https://open.kakao.com/o/gTssdoyc 참여코드 삼성전자.종목코드 삼성그룹주주방 모임방에 오신걸 환영합니다 1 가입인사 2 공지 읽고 투표에 참여하기 3 1번 2번 순서대로 불이행시 강퇴됨 4. 단톡방 규칙을 꼭 읽어보시기 바랍니다 도배성 광고로 공지대로 하지 않을 경우 입장 후 강퇴됩니다 늦은 시간에.가입하셔도 꼭 인사와 투표해주세요 -,https://finance.naver.com/item/board_read.nhn?code=207940&nid=164361865&st=&sw=&page=1,board_read.nhn?code=207940&nid=164365853&st=&sw=&page=1,board_read.nhn?code=207940&nid=164361114&st=&sw=&page=1
2021.02.19T08:38,778000원에280주매수 부분적매도중 ,■■■■■■■■■■■■■■■■■,https://finance.naver.com/item/board_read.nhn?code=207940&nid=164365853&st=&sw=&page=1,board_read.nhn?code=207940&nid=164366086&st=&sw=&page=1,board_read.nhn?code=207940&nid=164361865&st=&sw=&page=1
2021.02.19T08:40,금융위 '은성수'가   공매도 앞잡이로 보이는 이유!,기를 쓰고 공매도재개에 사활을 걸음! 은성수 "공매도 재개 전까지 제도 개선 마무리할 것" 입력2021.02.17. 정소양 기자 은성수 금융위원회 위원장이 17일 [더팩트ㅣ ""공매도를 재개를 하긴 해야겠는데  시장에 충격이 있을 수 있으니까 부분적으로 재개하면 좋겠다고 생각했다"고 설명했다. jsy@tf.co.kr,https://finance.naver.com/item/board_read.nhn?code=207940&nid=164366086&st=&sw=&page=1,board_read.nhn?code=207940&nid=164368140&st=&sw=&page=1,board_read.nhn?code=207940&nid=164365853&st=&sw=&page=1
2021.02.19T08:50,국민청원 부탁드려요,바쁘신데 죄송합니다 에이치엘비 가짜뉴스 국민청원좀 부탁드려요 https://www1.president.go.kr/petitions/Temp/FaHNz8,https://finance.naver.com/item/board_read.nhn?code=207940&nid=164368140&st=&sw=&page=1,board_read.nhn?code=207940&nid=164377318&st=&sw=&page=1,board_read.nhn?code=207940&nid=164366086&st=&sw=&page=1
2021.02.19T09:18,잘 나가야하는데..,자동차 꼴 나지는 안겠지?,https://finance.naver.com/item/board_read.nhn?code=207940&nid=164377318&st=&sw=&page=1,board_read.nhn?code=207940&nid=164377616&st=&sw=&page=1,board_read.nhn?code=207940&nid=164368140&st=&sw=&page=1
2021.02.19T09:19,OOO 들 망해라 제발,장난질 오지네,https://finance.naver.com/item/board_read.nhn?code=207940&nid=164377616&st=&sw=&page=1,board_read.nhn?code=207940&nid=164379133&st=&sw=&page=1,board_read.nhn?code=207940&nid=164377318&st=&sw=&page=1
2021.02.19T09:22,어제 미국장 지수 많이 빠졌음,오늘 외국인들 사는척하고 어느정도 오르면 모두 팔자로 전환하니 주린이들 참고하세요~ 특히 오늘 금요일입니다,https://finance.naver.com/item/board_read.nhn?code=207940&nid=164379133&st=&sw=&page=1,board_read.nhn?code=207940&nid=164379293&st=&sw=&page=1,board_read.nhn?code=207940&nid=164377616&st=&sw=&page=1
2021.02.19T09:22,존립 사장 연구 과업 실행하여 대박나시오,셀트는 주권 백신 연구한다는데 삼바는 뭔가 도전 해봐라 카피만 하지 말고 김치 신김치 유산균 배양하여 코로나치료및 예방 식품 만들면 매출10조는 나온다 내 아이디어 잘 연구 하면 1개윌이면 대박난다 주가는3백이상 가능예상 분말과립으로 만들어 막대기 포장 즉 커피식으로 포장하면된다 신김치는 효능 인터넷 검색해 보시오 먼저 만드는 회사가 대박이다 삼바 이것은 임상도 필요없다 즉각 실행 바란다,https://finance.naver.com/item/board_read.nhn?code=207940&nid=164379293&st=&sw=&page=1,board_read.nhn?code=207940&nid=164389445&st=&sw=&page=1,board_read.nhn?code=207940&nid=164379133&st=&sw=&page=1
2021.02.19T09:46,아침에  쬐금 오르고,저녁에 왕창 빠지고...오늘은 아니길 바래봅니다.,https://finance.naver.com/item/board_read.nhn?code=207940&nid=164389445&st=&sw=&page=1,board_read.nhn?code=207940&nid=164390058&st=&sw=&page=1,board_read.nhn?code=207940&nid=164379293&st=&sw=&page=1
2021.02.19T09:48,종목토론방 새글 수 없는것만봐도...,사람들 관심 밖 인기가 없는 주라는걸 알 수 있네요 ㅠㅠ,https://finance.naver.com/item/board_read.nhn?code=207940&nid=164390058&st=&sw=&page=1,board_read.nhn?code=207940&nid=164391032&st=&sw=&page=1,board_read.nhn?code=207940&nid=164389445&st=&sw=&page=1
2021.02.19T09:50,거래량 실화?,시장조성자들 모하는지 ㅡ.ㅡ,https://finance.naver.com/item/board_read.nhn?code=207940&nid=164391032&st=&sw=&page=1,board_read.nhn?code=207940&nid=164394369&st=&sw=&page=1,board_read.nhn?code=207940&nid=164390058&st=&sw=&page=1
2021.02.19T09:58,삼성바이오로직스 관련하여 링크 올립니다. 모두 힘내십시오.,https://www.youtube.com/watch?v=6yjumms8h2s 위 링크는 삼바 주제곡 삼바의 여인입니다.(설운도 곡) 상승을 기원하는 곡입니다. 계속 들으십시오. 설운도가 부르는 쌈바 쌈바쌈바쌈바 나오는데 삼바 주제곡입니다. 위 곡 들으면서 삼바 3분봉 차트랑 거래량보면 웃음이 나오지만 상승기원곡으로 여기고 들어주시길 바랍니다. 아래는 삼바 가사입니다. 내마음을 사로잡는 그대 삼바춤을 추고 잇는 그대 --> 거래량 출렁이는 것 의미한 설운도 선행지표 화려한불빛 음악에 젖어 --> 화려한 재료를 믿고 투자한 매수자들 심리이해 사랑에 취해버린 그대 --> 고점에 물려버린 그대에 비유 사랑사랑한다고 --> 손절은 못한다는 다짐 의미 좋아좋아한다고 눈빛하나로 몸짓하나로 -->거래량이나 볼린져밴드 조금만 움직여도 호신호로 해석하자는 다짐 내마음 사로잡는밤 --> 거래 종료된 야간에도 계속 희망 유지하라는 메세지 쌈바쌈바쌈바쌈바 춤을추고잇는 그대 쌈바쌈바쌈바쌈바 사랑스런나에 그대 이밤 그대를 불타오르는 --> 당연히 불타오르는 적색양봉뜨길 바라는 마음 영원한 나만의사랑 -> 존버도 신뢰할 수 있는 종목이라는 가사 사랑사랑한다고 좋아좋아한다고 젖은머릿결 젖은눈동자 내맘을 사로잡는밤 쌈바쌈바쌈바쌈바 춤을추고잇는대 쌈바쌈바쌈바쌈바 사랑스런그대 이밤 그대를 불타오르는 영원한 나의사랑 쌈바쌈바쌈바쌈바 춤을추고잇는그대 쌈바쌈바쌈바쌈바 사랑스런나의그대 이밤 그대는 불타오르는 영원한 나만의사랑,https://finance.naver.com/item/board_read.nhn?code=207940&nid=164394369&st=&sw=&page=1,board_read.nhn?code=207940&nid=164402172&st=&sw=&page=1,board_read.nhn?code=207940&nid=164391032&st=&sw=&page=1
2021.02.19T10:18,이거 진짜 올라요?,삼바 진짜 오르긴 하나요,https://finance.naver.com/item/board_read.nhn?code=207940&nid=164402172&st=&sw=&page=1,board_read.nhn?code=207940&nid=164405206&st=&sw=&page=1,board_read.nhn?code=207940&nid=164394369&st=&sw=&page=1
2021.02.19T10:25,12일 연속 음봉 -월요일도,존 림 사장님 축하 드립니다. 경영을 졸나 잘하셔서 12일 연속 음봉 찍게 만드십니까? 한 15일 연속 음봉 찍고 1 000원 상승 마감 해주실거죠?,https://finance.naver.com/item/board_read.nhn?code=207940&nid=164405206&st=&sw=&page=1,board_read.nhn?code=207940&nid=164406600&st=&sw=&page=1,board_read.nhn?code=207940&nid=164415167&st=&sw=&page=1
2021.02.19T10:28,넉달,넉달 들고있었는데 제자리ㅜㅜ 에혀,https://finance.naver.com/item/board_read.nhn?code=207940&nid=164406600&st=&sw=&page=1,board_read.nhn?code=207940&nid=164409034&st=&sw=&page=1,board_read.nhn?code=207940&nid=164405206&st=&sw=&page=1
2021.02.19T10:34,지들끼리 자전거래해서 올리고 싶어도,셀트가 많이 내리니 딱히 호재없는 삼바도 2만주도 안되는 주식체결량으로 올리기 쪽팔렸나보지~,https://finance.naver.com/item/board_read.nhn?code=207940&nid=164409034&st=&sw=&page=1,board_read.nhn?code=207940&nid=164409278&st=&sw=&page=1,board_read.nhn?code=207940&nid=164406600&st=&sw=&page=1
2021.02.19T10:35,걸레량   이만주. 여기는 시장조성자 필요.,조성질이 필요하네,https://finance.naver.com/item/board_read.nhn?code=207940&nid=164409278&st=&sw=&page=1,board_read.nhn?code=207940&nid=164411182&st=&sw=&page=1,board_read.nhn?code=207940&nid=164409034&st=&sw=&page=1
2021.02.19T10:39,조선 바이오는 모다? 캐사기라 했냐 안했냐~~,불과 몇년전 1만원대 놀던 주시기를 .10배 넘게 땡긴다음..지덜끼리 물고 빨고하다가 . 손님 떨어지니까 뉴스 띄우구 하한가 보내 낙폭 과대인척 하는 신라젠 헬릭스미스..똑같은 패턴이지만 아직 꼴아박기전인 제넥신 메지온 셀트리온 sk바 삼바..이제 꼴아박기 시작하는 신풍 에이치엘비 박셀바이오 메디톡스..이런데 들어가는 혹우 없겠지?,https://finance.naver.com/item/board_read.nhn?code=207940&nid=164411182&st=&sw=&page=1,board_read.nhn?code=207940&nid=164413284&st=&sw=&page=1,board_read.nhn?code=207940&nid=164409278&st=&sw=&page=1
2021.02.19T10:44,삼성증권 바쁘데~~,다른 바이오 기업에서 장난 치느냐구. 마스크 만들면 삼바처럼 80만원 넘는건가? 대한민국 마스크 기업 만세^^,https://finance.naver.com/item/board_read.nhn?code=207940&nid=164413284&st=&sw=&page=1,board_read.nhn?code=207940&nid=164417603&st=&sw=&page=1,board_read.nhn?code=207940&nid=164411182&st=&sw=&page=1
2021.02.19T10:55,위대한 삼성바이오마스크,엄지척 세계최고의 바이오마스크 삼성바이오마스크 위대하다삼성 폭풍매수하리라 ㅋㅋ,https://finance.naver.com/item/board_read.nhn?code=207940&nid=164417603&st=&sw=&page=1,board_read.nhn?code=207940&nid=164424693&st=&sw=&page=1,board_read.nhn?code=207940&nid=164413284&st=&sw=&page=1
2021.02.19T11:15,이젠 인턴까지 ㅋㅋㅋ,제대로 된...니들 이름에 걸맞는 공시 종 내봐.ㅋㅋㅋ 아...이게 니들 네임밸류지? ㅋㅋㅋ 에라이,https://finance.naver.com/item/board_read.nhn?code=207940&nid=164424693&st=&sw=&page=1,board_read.nhn?code=207940&nid=164426825&st=&sw=&page=1,board_read.nhn?code=207940&nid=164417603&st=&sw=&page=1
2021.02.19T11:20,쪽팔린다,해외에서 삼바 주가보면 코메디 아닐까요,https://finance.naver.com/item/board_read.nhn?code=207940&nid=164426825&st=&sw=&page=1,board_read.nhn?code=207940&nid=164431044&st=&sw=&page=1,board_read.nhn?code=207940&nid=164424693&st=&sw=&page=1
2021.02.19T11:31,80층도 무너진지 오래...ㅡㅡㅋ,근데 머... 이건 주식이 아닌거 같아요. 맘만 먹으면 훌러덩 만방으로 오르니... 오늘 지수가 그토록 안 좋아도 만방으로 안떨어지는 것을 다행으로 생각해야 하나...ㅡㅡ 참... 어쩌다가 이걸 타서... 괜히 콩고물 얻어먹으려다가 쪽박차게 생겼네요. 머...그래도 참는 자에게 복이 있다니까... 그치만 오늘 삼성그룹이 전반적으로 좀 아닌가... 개인적으로 삼성바이오로직스와 삼성물산이 같이 있는데 삼성물산은 이거보다 더...ㅡㅡ 그래도 내일에는 내일의 태양이 뜨니까 기다려봅니다.ㅎ,https://finance.naver.com/item/board_read.nhn?code=207940&nid=164431044&st=&sw=&page=1,board_read.nhn?code=207940&nid=164435331&st=&sw=&page=1,board_read.nhn?code=207940&nid=164426825&st=&sw=&page=1
2021.02.19T11:44,개잡주~,지수빠지는데 얘는 맨날 조작질,https://finance.naver.com/item/board_read.nhn?code=207940&nid=164435331&st=&sw=&page=1,board_read.nhn?code=207940&nid=164440890&st=&sw=&page=1,board_read.nhn?code=207940&nid=164431044&st=&sw=&page=1
2021.02.19T12:02,이기업은 망해야한다,특히 ㅈ 용이 세끼는 평생 가둬야 한다,https://finance.naver.com/item/board_read.nhn?code=207940&nid=164440890&st=&sw=&page=1,board_read.nhn?code=207940&nid=164441105&st=&sw=&page=1,board_read.nhn?code=207940&nid=164435331&st=&sw=&page=1
2021.02.19T12:02,삼바 주식은  ,잠시 횡보 할수는 있지만 끝내는 오릅니다 수급보니 외인 입질하는것이 조만간 오를거 같은 느낌이 오네요 좀더 기다려도 할수없고 고수아니고는 메뚜기 처럼 뛰어 다녀봐야 깡통~~,https://finance.naver.com/item/board_read.nhn?code=207940&nid=164441105&st=&sw=&page=1,board_read.nhn?code=207940&nid=164442894&st=&sw=&page=1,board_read.nhn?code=207940&nid=164440890&st=&sw=&page=1
2021.02.19T12:08,오늘 꿈에선 만원대 양봉이었는데..,아.. 보통 꿈이 너무잘맞아 기대했는데 왜 계속 음봉인가?..에혀,https://finance.naver.com/item/board_read.nhn?code=207940&nid=164442894&st=&sw=&page=1,board_read.nhn?code=207940&nid=164444091&st=&sw=&page=1,board_read.nhn?code=207940&nid=164441105&st=&sw=&page=1
2021.02.19T12:12,외국인 순매수 빨강색,주식초보입니다 외국인 순매수에 빨강색으로 9천정도 나와있는데 왜 주가는 파랑색 하락인가요? 개미들이 많이 팔고 있어서 그런가요? 궁금합니다,https://finance.naver.com/item/board_read.nhn?code=207940&nid=164444091&st=&sw=&page=1,board_read.nhn?code=207940&nid=164458219&st=&sw=&page=1,board_read.nhn?code=207940&nid=164442894&st=&sw=&page=1
2021.02.19T13:04,삼바는,어차피 옆집 몬가면 갈수없는 구조로 되어있다. 백날을 희망회로 돌려봤자 소용없어,https://finance.naver.com/item/board_read.nhn?code=207940&nid=164458219&st=&sw=&page=1,board_read.nhn?code=207940&nid=164459026&st=&sw=&page=1,board_read.nhn?code=207940&nid=164454702&st=&sw=&page=1
2021.02.19T13:07,익절하고 다음주 셀트3형제 가야것다,지금까지 마이 묵어습다 잘있으소 다음주 셀트3형제로 갈아 탈란다,https://finance.naver.com/item/board_read.nhn?code=207940&nid=164459026&st=&sw=&page=1,board_read.nhn?code=207940&nid=164471839&st=&sw=&page=1,board_read.nhn?code=207940&nid=164458219&st=&sw=&page=1
2021.02.19T13:51,28종목 비교와 코스피 지수 50%오를때 10%내린 최고의 실적종목 주목~,공매도 대부분 고가에서 매도 저가에 매수 차익? 그렇치 않다 고가에는? 현물의 차익실현이 우선인데 공매도를 발생시키다간 상대방이 먼저 매도하여 먼저 차익를 실현한다 고로 아래 참조 하시라~ 공매도 속성 1등기업 증명 영업이익률 이해 28종목 비교 맨아래 부분 28종목 비교 참조 먼저 공매도의 원리 간단하게 공매도란 정상가격 대비 주가가 높을때 이용하는 것이 아니다 주가가 높을때는 큰손이 올린 것이다 일단 고가로 올리고 흔든다 동종주가 대비 올릴때는적은금액으로 올리고 내릴때는 많은금액을 매도한다 흔들기를 제법 오래한다 그리하여 차익을 최대한 실현하면 주가가 제법 내려와 있다 그때서야 공매도를 계속 후려치어(즉 현물로 차익을 실현한후~고가에 공매도를 사용하면 개인들 혼비백산 줄행량 손해이다 고로 현물 반 이상 빠져 나온후 공매도 사용) 물론 매수 받히고 매도에 공매도 집중 매도인셈 어리석은 개인들 공매도에 혼비백산하고 큰손은 최저가에 물량 확보하는셈 (이때 개인은 역발상 하여 매수하면 대박인데 실제는 대분분이 반대로 매도하여 큰손실을 입는다) 종속기업 대부분이 장부가 대비 5~10배는 뛰어 10조의 가치는 충분~ 연도별 당기순이익 장부가 지분율 총포괄이익 종목~~nhnplayart~nhn japan 2015~~87억~~~~70억 적자 2016~~463억~~~83억흑자 2017~~454억~~~~97억 2018~~426억~~~~353억 2019~~416억~~~~458억 2020 종속기업이라 세부 자료 없슴 장부가~2140억~~~~531억 지분율~100%~~~~~100% 시가총액~비상장~~~비상장 총포괄손익424억~~~514억 (2019년) 아래 보시면 9.30일 기준 순자본 1조8947억에 Nhnplayart 장부가 531억에 작년흑자 424억 현재 nhn시총 1조4341에 흑자 424억이면 per34 나온다 게임주 평균이 per38 정도 되니 조금 손해를 보고 시총과 퉁 쳐보자 그럼 nhn 순자본 1조8947-531= 1조8416억은 불우이웃돕기 즉 모두다 코로나 불우이웃돕기 총정리(개인필독~)자산2조5628억 투자가 현재10조는 된다 아래는 2020.11.16일 분기 보고서 복사다 Nhn은 순자본1조8947억 부 채 6681억 합 2조5628억의 자금이 투자된 기업이다 아래 종속기업과 관계기업의 장부가가? 1조2105억중에 지분20~50%괸계기업은 584억이고 나머진 종속기업 장부가 이다 지분20%이하는?(아래 참고) 1445억+3334억 합4779억 투자이다 나머진 유형자산3793억 무형자산4796억이다 등등에 155억 투자 역으로 계산하면 1조2105+4779억+3793억+3334억+??155억을 추가하면 위에 총자산 2조5628억이 나온다 그럼 종속기업 실제가치 정검해 보자 11111 NHN Japan Corp.~장부가2134억이다 일본nhn(nhn japan과 nhnplayart 합산이다) 작년938억 흑자다 9배는 뛰어야 맞다 (per20 기준) 222222 #1 (9.24일)1조2168 (6월 계약하고 7~9월에 잔금 예상) 페이코 가격 1조2168억 1년새 5000억 뛰어~ 2.26%=275억 100%=275/2.26×100=1조2168억 Nhn기업이 아닌 주주간의 실제 거래다 아래 페이코 장부가?1866억 6배는 올라야 nhn지분68.42%의 금액이 된다 33333333333333 아래 고도는 장부가의 10.43배 위즈덤 하우스는 3.09배 Nhn고도(에이컴메이트 포함)10배는 뛰어야 된다 (단위:천원) 엔에이치엔고도㈜ 취득한 비지배지분의 장부금액 ~~~~~13 946 지분의 추가 취득으로 인해 지급한 금액 145 487 지배기업에 귀속되는 지분의 감소액 ~~131 541 145487/13946=10.43배 ㈜엔에이치엔벅스 취득한 비지배지분의 장부금액~~~~~769 685 지분의 추가 취득으로 인해 지급한 금액 886 325 지배기업에 귀속되는 지분의 감소액 ~~116 640 886325/769686=1.15배 ㈜엔에이치엔에듀 취득한 비지배지분의 장부금액~~~~~37 421 지분의 추가 취득으로 인해 지급한 금액 66 057 지배기업에 귀속되는 지분의 감소액~~ 28 636 66057/37421=1.77배 엔에이치엔한국사이버결제㈜ 취득한 비지배지분의 장부금액~~~~~ 2 718 697 지분의 추가 취득으로 인해 지급한 금액 15 800 547 지배기업에 귀속되는 지분의 감소액 ~~13 081 850 15800547/2718697=5.81배 ㈜위즈덤하우스 취득한 비지배지분의 장부금액~~~~~ 3 235 266 지분의 추가 취득으로 인해 지급한 금액 9 999 969 지배기업에 귀속되는 지분의 감소액~~6 764 703 9999969/3235266=3.09배 444444444 Nhn글로벌의 장부가1645억도 약 5배는 넘을 것 55555555 아래 토스트 자본금 30억이다 연구개발인력 약200명이다 2020.7.1일 출발 이다 Nhn은 7년전 부터 약200명 이상이 클라우드관련 연구개발을 했다 그리고 7.1일 토스트 연구개발에만 별도 설립이다 여기에 7년전부터 현재까지의 무형자산 가치는? 아마 3조는 넘을 것 시간관계상 여기 까지만 아래는 3분기 분기보고서 복사니 참고 하시라~~ 8. 종속기업  관계기업 및 공동기업 투자 당분기말과 전기말 현재 종속기업  관계기업 및 공동기업에 대한 투자 주식 내역은 다음과 같습니다. (단위:천원) 구 분 회사명 소재지 주요 영업활동 당분기말 전기말 지분율(%) 장부금액 지분율(%) 장부금액 종속기업 NHN Japan Corp.~100.00~ 213 997 173 엔에이치엔빅풋㈜~ 100.00 ~64 295 773 엔에이치엔픽셀큐브㈜~ 100.00~ 5 456 415 NHN GLOBAL  INC.~ 100.00~ 164 518 875 엔에이치엔고도㈜~ 74.44~ 53 734 395 ㈜피앤피시큐어 ~ 70.00~ 42 011 717 엔에이치엔위투㈜~ 100.00 ~20 933 729 엔에이치엔페이코㈜ ~ 68.42 ~186 581 993 ㈜엔에이치엔다이퀘스트 ~94.95~ 11 443 662 엔에이치엔에듀㈜~75.09 ~17 394 473 엔에이치엔토스트㈜~100.00~ 3 000 000 관계기업 ㈜파이오링크~ 28.97 ~19 673 432 ㈜구름 클라우드 ~ 22.22~ 1 000 200 합 계 1 210 503 383 9. 공정가치측정금융자산 당분기말과 전기말 현재 공정가치측정금융자산의 내역은 다음과 같습니다. (1) 기타포괄손익공정가치측정금융자산 (단위:천원) 구 분 ~당분기말 ~~~전기말 합 계 144 536 404 ~125 905 934 (2) 당기손익공정가치측정금융자산 (단위:천원) 구 분 ~당분기말 ~~~전기말 합 계333 375 473~ 355 911 435 (참고로 분사와 동시 1년 평균 클라우드관련 연구개발비 1207억과 총합 약9000억의 투자를 실제 했다는 것) #매출 대비 영업이익률로 사기치는 종목이 많아~ 매출은 전년대비 줄었는데도 이익은 그대로~ 매출대비 영업이익률이 올랐다고 여러종목에 사기치는 에널~들이 제법많이 등장하여~ 2.16일 종가기준 시가총액 대비 영업이익률 총정리~ 영업이익률를 매출에 대비하는 것은 잘못이다 새로운 것에 도전보단 안일에 의존하는 옛날 사고방식이다 그리고 매출10분의1로 줄고 이익은 2분의1로 줄면 이익률은 5배로 증가된다 영업이익률은 시가총액 대비가 합리적이고 정확하디 영업이익:2020년 pbr:2.16일 종가 기준 시총순위 20종목+비대면11-중복3 총합28종목 (아래 2020년 영업이익률=영업이익/시가총액 ) 영업이익률 pbr비교 시총순위 ~~~~주가~영업이익률~pbr 1.삼성전자~~~84 900~6.32~~2.15 2.Sk하이닉스 132 500~5.20~~1.80 3.LG화학 ~~978 000~3.41~~4.12 4.삼성전자우~ 76 200~6.32~~1.93 5.naver~~~~394 000~1.88~~8.87 6.삼성sdi ~~803 000~1.22~~4.26 7.삼성바이로796 000~0.56~~11.71 8.현대차~~~245 000~4.61~~0.92 9.셀트리온~325 000~1.75~~13.70 10.카카오~~514 000~1.00~~6.89 11.기아차~~85 700.~5.95~~1.18 12.현대모비스334 000~5.77~~0.94 13.sk이노베이284 500~적자~~1.58 14.LG전자~~172 500~10.76~1.99 15.LG생활건강1 627 000~4.80~~5.84 16.삼성물산~ 133 000~3.45~~0.90 17.POSCO~~ 271 500~1.02~~0.48 18.엔씨소프트 1 015 000~3.70~6.51 19.sk~~~~~303 500~미정~~0.89 20.SK텔레콤~251 000~6.66~~0.77 비대면 관련주(클라우드 비중높은 시총 1조이상 종목) 종목 ~~~~주가~영업이익률~pbr naver~ ~~366 500~2.02~~8.25 카카오~~~489 500~1.05~~6.57 더존비즈온 112 500~2.23~~9.19 Nhn~~~~~72 000~7.28~~0.82 Nhn한국사이 51 700~3.35~~8.31 비대면 관련주(게임주 시총 1조 이상 종목) 종목~~~~주가~영업이익률~pbr 엔씨소프트 1 027 000~3.62~6.59 넷마블~~~136 000~2.35~~2.18 펄어비스~~370 700~3.82~~6.52 카카오게임즈55 500~1.79~~4.50 컴투스~~~157 100~5.82~~1.95 웹젠~~~~~38 700~8.14~~2.93 #시총순위 20종목+비대면11주-중복3 총합28종목 (시총은 2.16일 종가기준 영업이익률 총정리) 시총순위 ~~2020영업이익(4분기)~영업이익률 1.삼성전자5 695 384~359939(90470)~6.32% 2.Sk하이닉스~ 964 603~50126(9659)~5.20% 3.LG화학~~~~690 393~23532(6736)~3.41% 4.삼성전자우(전자5 068 345+ 우627 039) 전자와 동일 5.naver~~~~647 197~12153(3238)~1.88% 6.삼성sdi ~~~552 179~6713(2462)~1.22% 7.삼성바이로직스526 673~2928(926)~0.56% 8.현대차~~~602 710~27813(16410)~4.61% 9.셀트리온438 743~3분기합5474+2183=1.75% 10.카카오~~~~455 762~4560(1498)~1.00% 11.기아차~~347 396~20665(12816)~5.95% 12.현대모비스 317 483~18303(7023)~5.77% 13.sk이노베이션 263 065~적자(적자)~적자 14.LG전자~~296 539~31918(6470)~10.76% 15.LG생활건강 254 108~12209(2563)~4.80% 16.삼성물산~~ 248 560~8571(2564)~3.45% 17.POSCO~~ 236 712~24030(8634)~1.02% 18.엔씨소프트~ 222 833~8248(1567)=3.70% 19.SK~~~~213 544~3분기합2694적자~미정 20.SK텔레콤~ 202 672~13493(3311)~6.66% 현대차 합 시총 596214 (현대차528828+우28863+2우B42323+3우B2696 LG전자 (282292+우14247)합288151 비대면 관련주(클라우드 비중 높은종목 시총1조이상 ) 종목~시가총액~2020영업이익(4분기)~영업이익률 naver~~~~647 197~12153(3238)~1.88% 카카오~~~~455 762~4560(1498)~1.00% 더존비즈온 33 964~~~767(267)~~~2.23% Nhn~~~~~~14 087~1025(203)~~~7.28% Nhn한국사이버결제11 876~398(108)~3.35% 비대면 관련주(게임주 종목 시총 1조 이상 ) 종목~~시가총액~2020영업이익(4분기)~영업이익률 엔씨소프트~ 222 833~8248(1567)=3.70% 넷마블~~~116 794~2720(825)~~~~2.33 펄어비스~~48 895~1573(200)~3.22% 카카오게임즈41 287~~~~666(166)~~1.61% 컴투스~~~20 213~~~1129(248)~~~5.59 웹젠~~~~~13 665~~~1083(388)~~7.93% 4분기 예상 영업이익 종목~기자 성함~예상영업이익 펄어비스~박효길~~391 .셀트리온~~강수윤~2183 업종 구분 1등 종목~5종목 구분별 ~ 시총20등 이내~클라우드관련주~게임주 영업이익률1등~LG전자~~~~NHN~~~~~웹젠 Pbr1등 ~~~~~POSCO~ ~ ~NHN~~~~컴투스,https://finance.naver.com/item/board_read.nhn?code=207940&nid=164471839&st=&sw=&page=1,board_read.nhn?code=207940&nid=164477954&st=&sw=&page=1,board_read.nhn?code=207940&nid=164459026&st=&sw=&page=1
2021.02.19T14:12,이럴때,붐할매수,https://finance.naver.com/item/board_read.nhn?code=207940&nid=164477954&st=&sw=&page=1,board_read.nhn?code=207940&nid=164483440&st=&sw=&page=1,board_read.nhn?code=207940&nid=164471839&st=&sw=&page=1
2021.02.19T14:29,삼성그룹 주주 단톡방입니다,삼성그룹 지배구조 관련 정보 공유방입니다. https://open.kakao.com/o/gTssdoyc 참여코드 삼성전자.종목코드 삼성그룹주주방 모임방에 오신걸 환영합니다 1 가입인사 2 공지 읽고 투표에 참여하기 3 1번 2번 순서대로 불이행시 강퇴됨 4. 단톡방 규칙을 꼭 읽어보시기 바랍니다 도배성 광고로 공지대로 하지 않을 경우 입장 후 강퇴됩니다 늦은 시간에.가입하셔도 꼭 인사와 투표해주세요 -,https://finance.naver.com/item/board_read.nhn?code=207940&nid=164483440&st=&sw=&page=1,board_read.nhn?code=207940&nid=164487866&st=&sw=&page=1,board_read.nhn?code=207940&nid=164477954&st=&sw=&page=1
2021.02.19T14:41,마이너스에서만 매수 장중 매도,방법은 짧게 조금만 먹으면 된다. 그냥 1년 이자 뽑는다,https://finance.naver.com/item/board_read.nhn?code=207940&nid=164487866&st=&sw=&page=1,board_read.nhn?code=207940&nid=164491021&st=&sw=&page=1,board_read.nhn?code=207940&nid=164483440&st=&sw=&page=1
2021.02.19T14:49,삼바 매출 1위,제약업계  코로나에도 매출 호조…삼성바이오로직스 1위 CEO스코어데일리 2021.02.19 07:05가-가+ 신종 코로나바이러스 감염증(코로나19) 대유행 상황에서도 시가총액 500대에 소속된 다수 제약사들은 실적을 개선하면서 지난해를 마무리했다. 19일 기업평가사이트 CEO스코어가 국내 시가총액 500대 기업 중 지난 15일까지 2020년 잠정실적을 공개한 326개 기업 실적을 조사한 결과  제약업종 내 42개 기업의 지난해 매출액은 전년비 7.9%(8511억원) 증가한 11조6044억원을 기록했다. 같은 기간 영업이익도 전년비 5.1%(225억원) 늘어난 4625억원으로 집계됐다. 지난해 조사 대상 전체 기업(326곳)의 매출이 2019년 수준과 같았으며 영업이익은 0.6% 증가한 것과 비교하면 높은 수치다. 제약업종 내 기업 중 매출액 증가액 기준으로 삼성바이오로직스가 1위를 차지했다. 삼성바이오로직스의 지난해 연결 기준 매출액은 1조1648억원으로 전년(개별 기준)비 66.0% 증가했다. 영업이익은 219.1%(2010억원) 늘어난 2928억원을 기록했다. 영업이익 증가액 기준으로도 1위에 해당하는 수치다. 삼성바이오로직스의 실적이 증가한 이유는 지난해 1  2  3 공장이 전체 가동된 영향이라고 회사 측은 설명했다. 이어 매출액 증가액 기준으로 △종근당(2237억원↑) △GC녹십자(1344억원↑) △서흥(923억원↑) △휴온스(417억원↑) △오스코텍(391억원↑) △보령제약(376억원↑) △JW중외제약(361억원↑) △아이큐어(300억원↑) △GC녹십자랩셀(277억원↑) 등이 상위 10위 안에 안착했다. 기존에 판매됐던 의약품도 매출이 증가했지만 코로나19 특수를 맞은 독감백신이나 진단키트의 판매 증가도 제약업종의 전체 매출을 끌어올리는 데 기여한 것으로 분석되고 있다. 조사대상 42개 제약바이오 기업 중 매출이 전년과 같거나 감소한 곳은 전체의 42.9%인 18곳이었다. [CEO스코어데일리 / 김윤선 기자 / yskk@ceoscore.co.kr],https://finance.naver.com/item/board_read.nhn?code=207940&nid=164491021&st=&sw=&page=1,board_read.nhn?code=207940&nid=164494388&st=&sw=&page=1,board_read.nhn?code=207940&nid=164487866&st=&sw=&page=1
2021.02.19T14:58,주식 돈벌기 쉽다,직장 필요 없다 소상공인 주식으로 성공 소 상공인 주식투자 모임...,https://finance.naver.com/item/board_read.nhn?code=207940&nid=164494388&st=&sw=&page=1,board_read.nhn?code=207940&nid=164495908&st=&sw=&page=1,board_read.nhn?code=207940&nid=164491021&st=&sw=&page=1
2021.02.19T15:02,드디어 일주일만에 외국인들이 많이 들어왔네요..,다음주 82층 가능해 보임.. 물론 저는 바로 튈거임 ㅜㅜ,https://finance.naver.com/item/board_read.nhn?code=207940&nid=164495908&st=&sw=&page=1,board_read.nhn?code=207940&nid=164495963&st=&sw=&page=1,board_read.nhn?code=207940&nid=164494388&st=&sw=&page=1
2021.02.19T15:03,오로지 ,삼성관련만 사믄 개관들이 알아서 올려주는데 후회막급이다,https://finance.naver.com/item/board_read.nhn?code=207940&nid=164495963&st=&sw=&page=1,board_read.nhn?code=207940&nid=164495965&st=&sw=&page=1,board_read.nhn?code=207940&nid=164495908&st=&sw=&page=1
2021.02.19T15:03,가자 80층으로,.,https://finance.naver.com/item/board_read.nhn?code=207940&nid=164495965&st=&sw=&page=1,board_read.nhn?code=207940&nid=164498731&st=&sw=&page=1,board_read.nhn?code=207940&nid=164495963&st=&sw=&page=1
2021.02.19T15:10,셀트~ 실적발표는  언제?,오늘이나 월요일 일듯한데.. 궁금합니다 기대되구요~ 작년보단 올해부터가 찐 실적 나올듯 합니다 내년은 더더욱 큰기대됩니다. (절대팔지마세요~ 100~200가는중입니다),https://finance.naver.com/item/board_read.nhn?code=207940&nid=164498731&st=&sw=&page=1,board_read.nhn?code=207940&nid=164501906&st=&sw=&page=1,board_read.nhn?code=207940&nid=164495965&st=&sw=&page=1
2021.02.19T15:18,갑자기 왜 오르는겨~?,뭔일 있남~? 아!!! 큰형님 에이치엘비가 급등했구나,https://finance.naver.com/item/board_read.nhn?code=207940&nid=164501906&st=&sw=&page=1,board_read.nhn?code=207940&nid=164504056&st=&sw=&page=1,board_read.nhn?code=207940&nid=164498731&st=&sw=&page=1
2021.02.19T15:23,■ 씨젠보다 매출적은게 시총 10배,얼마나 주가를 뻥티기 했으면 말도 안나오네 승계를 위해 올려도 정도것 올려야지... 나원 씨젠보다 매출도 적은게 시총은 10배 높네 거품 킹왕짱 처먹어라!,https://finance.naver.com/item/board_read.nhn?code=207940&nid=164504056&st=&sw=&page=1,board_read.nhn?code=207940&nid=164504541&st=&sw=&page=1,board_read.nhn?code=207940&nid=164501906&st=&sw=&page=1
2021.02.19T15:24,이 등신은 왜올라~,무식한 주식이~~,https://finance.naver.com/item/board_read.nhn?code=207940&nid=164504541&st=&sw=&page=1,board_read.nhn?code=207940&nid=164513352&st=&sw=&page=1,board_read.nhn?code=207940&nid=164504056&st=&sw=&page=1
2021.02.19T15:55,[삭제된 게시물의 답글]==== 수급  ^&^  현황 ====,감사합니다,https://finance.naver.com/item/board_read.nhn?code=207940&nid=164513352&st=&sw=&page=1,board_read.nhn?code=207940&nid=164510341&st=&sw=&page=1,board_read.nhn?code=207940&nid=164504541&st=&sw=&page=1
2021.02.19T15:42,여기는 왜 오르는지,이유 좀 알려주쇼?,https://finance.naver.com/item/board_read.nhn?code=207940&nid=164510341&st=&sw=&page=1,board_read.nhn?code=207940&nid=164512841&st=&sw=&page=1,board_read.nhn?code=207940&nid=164513352&st=&sw=&page=1
2021.02.19T15:53,열흘 동안흘러내리다 빨간색들어오니 흥분되네..,겨우 이거오르고..내가 좋아해야할지 참..난감하다..,https://finance.naver.com/item/board_read.nhn?code=207940&nid=164512841&st=&sw=&page=1,board_read.nhn?code=207940&nid=164518537&st=&sw=&page=1,board_read.nhn?code=207940&nid=164515770&st=&sw=&page=1
2021.02.19T16:22,담주 오릅니다,다음주 쭈우욱 폭등할 기회 단한번 오니 지루하신분은 그 기회를 잡아 나가셔도 됩니다ㆍ,https://finance.naver.com/item/board_read.nhn?code=207940&nid=164518537&st=&sw=&page=1,board_read.nhn?code=207940&nid=164518984&st=&sw=&page=1,board_read.nhn?code=207940&nid=164512841&st=&sw=&page=1
2021.02.19T16:25,어제 입성했는데 오늘 오른다 했자나 양주는 아니더라도 막걸리 먹자 했자나,그래 주식은 맘을 편하게 먹으면 댄단다 얘들아 알지? 막걸리 먹자,https://finance.naver.com/item/board_read.nhn?code=207940&nid=164518984&st=&sw=&page=1,board_read.nhn?code=207940&nid=164519726&st=&sw=&page=1,board_read.nhn?code=207940&nid=164518537&st=&sw=&page=1
2021.02.19T16:30,서정진회장 말씀좀 듣자,서회장님이 전국민 코로나 검사해서  양성되면 치료제로 바로 치료하고  경증이든 뭐든 약값도 원가로 제공한다는데 그래서 코로나 청정국가 만들면 소상공인들 고생안하고 마음껏 경제활동하고 뭐가 나라를 위한 일인지 모르나? 제발 서회장 말씀 대로 한번만 해보자..등신들아.,https://finance.naver.com/item/board_read.nhn?code=207940&nid=164519726&st=&sw=&page=1,board_read.nhn?code=207940&nid=164521110&st=&sw=&page=1,board_read.nhn?code=207940&nid=164518984&st=&sw=&page=1
2021.02.19T16:38,직원 빼 올 차례구나.,삼성 주특기 공장은 다 지었고 기술이 없으니 이젠 셀트 직원이나 슬슬 빼오까?,https://finance.naver.com/item/board_read.nhn?code=207940&nid=164521110&st=&sw=&page=1,board_read.nhn?code=207940&nid=164523055&st=&sw=&page=1,board_read.nhn?code=207940&nid=164519726&st=&sw=&page=1
2021.02.19T16:51,삼성바이오로직스 더 오릅니다. 차트분석 공유 ,http://naver.me/GaLaueTe,https://finance.naver.com/item/board_read.nhn?code=207940&nid=164523055&st=&sw=&page=1,board_read.nhn?code=207940&nid=164527928&st=&sw=&page=1,board_read.nhn?code=207940&nid=164521110&st=&sw=&page=1
2021.02.19T17:27,여깁니까,행님들 쌈바 춤이 절로 나온다는 그곳이?,https://finance.naver.com/item/board_read.nhn?code=207940&nid=164527928&st=&sw=&page=1,board_read.nhn?code=207940&nid=164530544&st=&sw=&page=1,board_read.nhn?code=207940&nid=164523055&st=&sw=&page=1
2021.02.19T17:50,지들끼리 자전거래에 속는,불쌍한 개미들~,https://finance.naver.com/item/board_read.nhn?code=207940&nid=164530544&st=&sw=&page=1,board_read.nhn?code=207940&nid=164531347&st=&sw=&page=1,board_read.nhn?code=207940&nid=164527928&st=&sw=&page=1
2021.02.19T17:57,연기금이 매수 하는 곳이 이곳입니까~~~~!!,다른 주식 다 던저도 이곳만큼은 매수 한다는 연기금 매수 명당 +_+??,https://finance.naver.com/item/board_read.nhn?code=207940&nid=164531347&st=&sw=&page=1,board_read.nhn?code=207940&nid=164546644&st=&sw=&page=1,board_read.nhn?code=207940&nid=164530544&st=&sw=&page=1
2021.02.19T22:25,승계 이제 필요도 없는데,그동안 인위적으로 쳐올린 거품 좀 빼쟈 그동안 안낼려고 온갖 짓거리 다 해 회피한 세금 착착 다 내고 삼바는 그냥 매출 이익 수준에 맞게 20만원대로 조정간 다음에 다시 새출발 하쟈 모든건 다 정도로 가야 하지 않겟느뇨 ? ㅋㅋ,https://finance.naver.com/item/board_read.nhn?code=207940&nid=164546644&st=&sw=&page=1,board_read.nhn?code=207940&nid=164548089&st=&sw=&page=1,board_read.nhn?code=207940&nid=164531347&st=&sw=&page=1
2021.02.19T22:59,찍소리도 못하는 불쌍한 삼바주주들 ㅋ,게시판을 찬찬히 보니 정말 가관이다 ~ㅎ jy는 추가 뜨면 불가석방일텐데 삼바 이미지 정말 ㅈ 같이 변해간다. 자업자득이다. ㅎ 이런 글에 찍소리도 못하는 삼바주주들 ㅎㅎ,https://finance.naver.com/item/board_read.nhn?code=207940&nid=164548089&st=&sw=&page=1,board_read.nhn?code=207940&nid=164548363&st=&sw=&page=1,board_read.nhn?code=207940&nid=164546644&st=&sw=&page=1
2021.02.19T23:06,여긴 인텔리 거지들만 들썩이네,진짜 돈들고 투자한 주주들은 웃고 있는데 ㅎ 주식은 1주도 없고 주댕이만 나불대는 인텔리 거지들... 아무리 니들 먼지들이 떠들어 대봐야 변하는게 없는데 어쩌냐..ㅉㅉ,https://finance.naver.com/item/board_read.nhn?code=207940&nid=164548363&st=&sw=&page=1,board_read.nhn?code=207940&nid=164548593&st=&sw=&page=1,board_read.nhn?code=207940&nid=164548089&st=&sw=&page=1
2021.02.19T23:11,신고가,갱신한다,https://finance.naver.com/item/board_read.nhn?code=207940&nid=164548593&st=&sw=&page=1,board_read.nhn?code=207940&nid=164552404&st=&sw=&page=1,board_read.nhn?code=207940&nid=164548363&st=&sw=&page=1
2021.02.20T00:42,셀벌레들아,삼바 게시판에서 너희 벌레들이 아무리 개판을 쳐도 위대한 삼바 주주들은 신경도 안 쓴다. 왜냐고? 삼바는 어차피 갈 주식이거든ㅋㅋ 출근 도장 꼭 찍고 매일같이 안티짓하느라 고생이 많다 수고혀^^ 답장은 생략해. 어차피 종토방 잘 안보거든ㅋㅋ,https://finance.naver.com/item/board_read.nhn?code=207940&nid=164552404&st=&sw=&page=1,board_read.nhn?code=207940&nid=164557353&st=&sw=&page=1,board_read.nhn?code=207940&nid=164548593&st=&sw=&page=1
2021.02.20T06:56,광고 하러 왔습니다 구경오세요,위니아딤채 시총1000억 영업이익500억 콜드체인 관련주 자회사 하반기상장 현주가2000원대 분식회계로 거래정지 과징금9억 월요일 거래재개,https://finance.naver.com/item/board_read.nhn?code=207940&nid=164557353&st=&sw=&page=1,board_read.nhn?code=207940&nid=164559296&st=&sw=&page=1,board_read.nhn?code=207940&nid=164552404&st=&sw=&page=1
2021.02.20T08:39,작년주가 패턴이라면,월 화 수 양봉 목 음봉 금 양봉 이건 예측입니다^^ 이렇게?으면좋겠네요 이름값좀 합시다 삼바!!,https://finance.naver.com/item/board_read.nhn?code=207940&nid=164559296&st=&sw=&page=1,board_read.nhn?code=207940&nid=164560750&st=&sw=&page=1,board_read.nhn?code=207940&nid=164557353&st=&sw=&page=1
2021.02.20T09:26,씨젠 영익 반도안되는데,시총은 10배가 넘네 말이 됩니까?,https://finance.naver.com/item/board_read.nhn?code=207940&nid=164560750&st=&sw=&page=1,board_read.nhn?code=207940&nid=164561861&st=&sw=&page=1,board_read.nhn?code=207940&nid=164559296&st=&sw=&page=1
2021.02.20T09:59,주식은 미래의 꿈 을 먹고 오르는것  ,삼바 잘될고 있다 우상향 날아가자,https://finance.naver.com/item/board_read.nhn?code=207940&nid=164561861&st=&sw=&page=1,board_read.nhn?code=207940&nid=164562709&st=&sw=&page=1,board_read.nhn?code=207940&nid=164560750&st=&sw=&page=1
2021.02.20T10:24,삼바 분식회계 곧 도마에 오르나?,혼돈에 싸인 삼성바이오로직스 입력2018.05.16. 오전 9:50 화나요 좋아요 좋아요 평가하기142 88 본문 요약봇 텍스트 음성 변환 서비스 사용하기 글자 크기 변경하기 SNS 보내기 ㆍ금감원  특별감리 끝에 회계위반 결론… 분식회계 논란 일파만파 삼성바이오로직스의 분식회계 의혹이 일파만파 확산되고 있다. 금융감독원이 분식회계 의혹을 받아온 삼성바이오로직스를 특별감리한 끝에 ‘회계위반’이 인정된다고 결론짓고  오는 17일 금융위원회 감리위원회를 앞두고 있다. 삼성바이오로직스의 분식회계 논란은 상장사인 삼성바이오로직스의 투자자 혼란  금융당국 및 시장의 신뢰성 문제  최종적으로는 이재용 삼성전자 부회장의 경영권 승계 문제까지 정조준하고 있다. 2015년 삼성물산과 제일모직 합병 추진 당시 국민연금이 삼성바이오로직스의 성장성을 높게 평가하면서 제일모직에 유리한 합병 비율에 찬성했기 때문이다. 삼성 측의 해명과 부인에도 불구하고 의혹은 가라앉지 않고 있다. 원본보기 삼성바이오로직스 전경 / 연합뉴스 이재용 경영권 승계 문제까지 정조준 가장 쟁점이 되는 것은 삼성바이오로직스의 자회사인 삼성바이오에피스가 종속회사에서 2015년 말 관계회사로 지위가 변경되면서  4년간 적자였던 회사가 2015년 말 당기순이익 1조9049억원의 흑자 기업으로 탈바꿈한 과정이 적절했는지 여부다. 이 같은 회계처리가 정상적 기준에 따른 것이냐  분식회계인가 하는 점이 판단의 핵심이다. 2014년 말 삼성바이오로직스의 삼성바이오에피스 지분율은 90.3%로 삼성바이오에피스는 종속회사의 지위였다. 사실상 바이오로직스가 지배력을 행사하고 있었다는 의미다. 그러다 2015년 말 삼성바이오로직스는 돌연 삼성바이오에피스의 지위를 종속회사에서 관계회사로 변경했다. 종속회사일 경우 회사의 가치가 취득가액으로 평가되지만 관계회사가 되면 시가로 평가기준이 바뀐다. 종속된 회사라면 회사 가치를 취득가격으로 평가하고 종속회사의 자산이나 부채  이익 등을 모기업의 재무제표에 반영하지만  지배력이 없는 단순 관계회사라면 시장가격으로 가치를 평가하되 자산과 부채  이익 등은 재무제표에 반영하지 않는 것이다. 이처럼 회사 가치 판단기준이 취득가 기준에서 시가 기준으로 변경되면서 2011~2014년까지 적자를 기록했던 삼성바이오에피스는 2015년 말 1조9000억원대의 흑자 기업이 됐다. 급작스런 회계기준 변경에 대해 시민단체 및 금감원은 정상적이지 않다고 보고 있다. 고의적으로 회계 처리기준을 위반했다고 보는 것이다. 2015년 삼성바이오로직스가 실제 지배력을 상실한 것도 아니고  지배력을 상실할 만한 큰 사건도 없다고 해석했다. 정의당 심상정 의원은 “보통 합작회사는 회계기준을 정할 때 한 번 정하게 되면 권리관계에 변동이 없는 한 처음부터 끝까지 일관되게 처리해야 한다”며 “국제회계기준에 기초해 보더라도 회계처리를 변경할 근거도  그런 사례도 없다”고 밝혔다. 반면 삼성바이오로직스는 절차상 문제가 없다고 강하게 반박했다. 삼성바이오로직스는 “회계법인과 협의해 회계기준을 변경한 것이지  회계기준을 위반하지 않았다”며 “궁극적으로 행정소송까지 불사할 계획”이라고 맞섰다. 삼성바이오로직스는 바이오에피스를 세울 때 미국 신약회사인 바이오젠과 공동투자하면서 바이오젠이 바이오에피스 지분을 49.9%까지 늘릴 수 있는 콜옵션 계약을 맺었다. 바이오젠이 콜옵션을 행사하겠다는 의사를 전달해 와 바이오에피스에 대한 삼성바이오로직스의 지배력이 사라질 수 있다고 보고 이를 반영해 관계회사로 변경했다는 것이다. 이 문제는 삼성물산과 제일모직 합병과도 연관돼 있다. 이재용 부회장의 경영권 승계에 삼성바이오로직스가 핵심 역할을 했다는 해석도 나온다. 2015년 당시 국민연금이 삼성바이오로직스 가치를 높게 평가하면서 제일모직에 유리한 합병 비율에 찬성했기 때문이다. 당시 제일모직은 삼성바이오로직스 지분 46.3%를 소유한 대주주였다. 심상정 의원은 “국민연금이 삼성물산·제일모직 합병안에 찬성표를 던지는 핵심 근거가 삼성바이오로직스의 성장 가능성이었다”며 “성장성을 뒷받침하기 위해 삼성바이오로직스의 특혜상장과 분식회계가 이뤄졌다고 보고 있다”고 밝혔다. 국민연금은 당시 적자 기업이던 삼성바이오로직스가 실제로는 11조원의 가치가 있다고 판단한 후 삼성물산과 제일모직 합병에 찬성했다. 당시 국제자문기구는 국민연금 판단의 5분의 1에도 미치지 못하는 2조원가량으로 삼성바이오로직스의 기업 가치를 평가했다. 8조원 시가총액 증발 투자자 손실 ‘안종범 수첩’에는 삼성과 관련해 ‘엘리엇 방어대책’  ‘동계스포츠 선수 양성  메달리스트’  ‘금융지주  삼성 바이오로직스  재단  승마  빙상’ 등이 적혀 있다. 삼성바이오로직스 문제가 회사 차원의 문제가 아니라 그룹 차원에서 관리됐음을 시사하는 증거로 해석되고 있다. 이재용 부회장의 항소심과 박근혜 전 대통령의 국정농단 1심 선고에서 이 부회장의 경영권 승계작업이 없었다는 판단을 얻은 삼성으로서는 당혹스러울 수밖에 없는 사안이다. 삼성 측은 삼성물산과 제일모직의 합병은 2015년 5월이고  바이오 회계 처리 변경은 2015년 말에 이뤄졌다는 점을 들어 “무관한 사안”이라고 선을 긋고 있다. 금융위원회는 삼성바이오로직스 분식회계 논란을 심의하기 위해 오는 17일 열리는 감리위원회를 대심제로 열 계획이다. 대심제는 분식회계 같은 회계부정이나 주가조작 등 자본시장 불공정거래행위에 대한 제재과정에서 검사부서와 제재 대상자가 동시에 출석해 일반 재판처럼 진행하는 것이다. 이에 따라 감리위 심의 때는 금융감독원과 삼성바이오로직스 양측 관계자가 동시에 입장해 상호 공방을 벌일 전망이다. 금감원 회계조사국이 감리위에 분식회계 증거를 제시하고 의견을 제시하면 삼성바이오로직스 측 관계자와 변호사가 반대 주장을 펴게 된다. 감리위원회에서 사전 심의를 거친 뒤 증선위가 최종 판단을 내린다 금융당국의 책임론도 제기된다. 당시 해외시장에 상장하려던 삼성바이오로직스는 국내에 상장시킬 방법을 찾기 위해 상장규정까지 바꿔가며 국내 시장에 상장시켰기 때문이다. 결과적으로 금융당국이 회계위반이라고 결론을 내린다면  직접 규정까지 고쳐가며 상장시킨 회사에 대해 제 손으로 상장 폐지 여부까지도 가려야 하는 상황에 직면하게 된다. 또 애초 참여연대 등에서 삼성바이오로직스의 상장 직후에 분식회계 의혹을 제기했음에도 “문제가 없다”며 미적대던 금융당국이 이제 와 특별감리 결과를 내놓은 점도 비판 받을 수 있다. 삼성바이오로직스 주식을 보유한 개인투자자들이 회사와 회계법인 등을 상대로 소송에 나설 전망이다. 금감원이 분식회계 결론 사실을 사전통지한 뒤 삼성바이오로직스 주가가 하락해 8조원 넘는 시가총액이 증발하며 투자자 손실이 발생하고 있기 때문이다. <이윤주 경향신문 산업부 기자 runyj@kyunghyang.com> © 주간경향 (weekly.khan.co.kr)  무단전재 및 재배포 금지 〈경향신문은 한국온라인신문협회(www.kona.or.kr)의 디지털뉴스이용규칙에 따른 저작권을 행사합니다.〉,https://finance.naver.com/item/board_read.nhn?code=207940&nid=164562709&st=&sw=&page=1,board_read.nhn?code=207940&nid=164562877&st=&sw=&page=1,board_read.nhn?code=207940&nid=164561861&st=&sw=&page=1
2021.02.20T10:29,성장성  별로 고가 평가 삼바  곧 분식회계 도마에 오르면 ㅋ,공시]삼성바이오로직스  4Q 영업익 926억...전년比 13.5%↓ 기사입력2021.01.26 16:59 최종수정2021.01.26 16:59 좋아요 화나요 좋아요 평가하기6 2 글자 크기 변경하기 SNS 보내기 [파이낸셜뉴스]삼성바이오로직스는 지난해 4·4분기 영업이익이 926억원을 기록했다고 26일 공시했다. 이는 전년대비 13.45% 감소한 수치다. 같은 기간 매출액은 전년 동기 대비 19.78% 늘어난 3753억원을 기록했다.,https://finance.naver.com/item/board_read.nhn?code=207940&nid=164562877&st=&sw=&page=1,board_read.nhn?code=207940&nid=164565303&st=&sw=&page=1,board_read.nhn?code=207940&nid=164562709&st=&sw=&page=1
2021.02.20T11:35,삼성바이오로직스 주식분석 및 상승여력 전망,https://tv.naver.com/v/15975319,https://finance.naver.com/item/board_read.nhn?code=207940&nid=164565303&st=&sw=&page=1,board_read.nhn?code=207940&nid=164565614&st=&sw=&page=1,board_read.nhn?code=207940&nid=164562877&st=&sw=&page=1
2021.02.20T11:43,주가 오르는 비법이 뭔지?,아무리 봐도 이렇게 까지 오를 종목은 아닌것 같은데 비법이 뭔가요? 기관들 이렇게 좋아하니..,https://finance.naver.com/item/board_read.nhn?code=207940&nid=164565614&st=&sw=&page=1,board_read.nhn?code=207940&nid=164566751&st=&sw=&page=1,board_read.nhn?code=207940&nid=164565303&st=&sw=&page=1
2021.02.20T12:16,재용이 감방 안감.,삼성전자와 함께 미국행 버스탐. 미대통령이 약속했음. 시스템반도체 쇠대주면 재용이 소원 들어준다고.....,https://finance.naver.com/item/board_read.nhn?code=207940&nid=164566751&st=&sw=&page=1,board_read.nhn?code=207940&nid=164572493&st=&sw=&page=1,board_read.nhn?code=207940&nid=164565614&st=&sw=&page=1
2021.02.20T15:01,부끄러운줄 모르는 주주들도 문제,시총60조 대한민국 탑 짜리가 백신.치료제 하나 못만들고 있다는게 한심 삼성바이오 본질을 알수있습니다 남의것 탐내지말고 스스로 개척해서 해라 남들이 밥상 차려놓으면 숟가락 들고 전부 처먹는 기생충같은 기업이 삼성 입니다 삼성이 처음 만든것있나요 손가락 꺽지말고 부끄러운 일입니다,https://finance.naver.com/item/board_read.nhn?code=207940&nid=164572493&st=&sw=&page=1,board_read.nhn?code=207940&nid=164577035&st=&sw=&page=1,board_read.nhn?code=207940&nid=164566751&st=&sw=&page=1
2021.02.20T17:31,102만원에 산 주식인데 이게 뭐냐.,어서 와라. 무얼하고 있냐.... 무얼하길래 이렇게 주식이 못가냐.. 어서 올라 가보자... 최고의 주식이 될것은 뻔한것이다. 시간을 투자하는것도 비법이다.. 이제 모든 악제는 없다. 아마도 5월까지는 갈것이다.....힘차게 밀고 당길것이다.,https://finance.naver.com/item/board_read.nhn?code=207940&nid=164577035&st=&sw=&page=1,board_read.nhn?code=207940&nid=164581215&st=&sw=&page=1,board_read.nhn?code=207940&nid=164572493&st=&sw=&page=1
2021.02.20T20:00,인수하자..바이오기업,#바이오니아 대박랠리 이슈사항 바이오니아 급등랠리 모멘텀이 될 수 있는 사항들을 예상되는 순서대로 정리를 해봤습니다 1. 동시진단키트 국내허가 ?? - 식약처 서류접수했고 허가대기 * 보건복지부와 공동연구로 진행중이며 허가 시 국내최초로 국내산 장비로 코로나를 진단 2. 작년실적발표 - 코스닥 10위권 영업이익으로 실적발표 임박이나 후에 주가 급등 가능 * 대부분의 바이오주들 적자로 동학개미들 매수 타깃 3. 적십자혈액원 입찰건 - 900억대 핵산증폭시스템 노후장비 입찰건으로 외산장비로 계약될 가능성이 크나 일말의 희망은 있음 * 2.10일 입찰제안서 마감 4. 이란 진단키트 수출건 - 오늘 기사에도 나왔지만 이란자금이 풀린다면 바이오니아 토탈시스템으로 계약 가능성 큼 * 이란처럼 낙후한 국가들은 로슈등의 글로벌 장비가 취약함 따라서 정부가 이전에도 해외 저개발국지원 시 바이오니아 장비로 지원 5. 글로벌 결핵진단키트 임상개시 - find 지원하에 저개발국가에서 iron qpcr장비로 임상개시 * 1월 임상예정이나 코로나로 지연 될수도 있음 6. clinic용 신속분자진단시스템 출시 - iron qpcr장비로 40여가지 질환이나 바이러스를 30분만에 분자진단하는 장비출시하여 중소병원 의원등 공략 * 장비는 19년말에 식약처 인증받았고 20년 1년동안 진단키트 개발진행 이미 장비업그레이드와 진단키트 개발진행하고 있음 개발완료된 진단키트도 있다고 함 7. 완전자동화분자진단시스템출시 - 해외 혈액원타깃으로 현재 프로토타입 개발 완료 * 혈액원진단 n c형 간염과 에이즈진단키트는 아시아 최초로 CE list A 인증 로슈등 글로벌회사들만 받는 인증이라고 함 * 국내 혈액원 입찰 성공 시 해외수출에 청신호 8. 2분기 신공장 가동 - 공급이 딸리는 핵산추출시약과 장비 생산 12배로 증설 *완전 자동화라인 설치로 생산성향상 9. 치료제 임상 - 대머리 화장품 1분기 임상완료 후 식약처 허가진행 - 폐섬유화 치료제 임상 1상 - 코로나백신 임상 종합해서 정리를 해봤는데요 비에날씬은 포함도 안했네요 올해 중국등 해외시장을 개척한다고 하죠 Per 4대 천억이익나는 회사가 올해 한다고 하는것들이 너무 많네요,https://finance.naver.com/item/board_read.nhn?code=207940&nid=164581215&st=&sw=&page=1,board_read.nhn?code=207940&nid=164583171&st=&sw=&page=1,board_read.nhn?code=207940&nid=164577035&st=&sw=&page=1
2021.02.20T20:54,주식하는 직장인이자 제약 바이오 위주로 투자하고 있는 유튜버 무적람보입니다.,주식하는 직장인이자 제약 바이오 위주로 투자하고 있는 유튜버 무적람보입니다. https://www.youtube.com/watch?v=-GfzTPsRtec&ab_channel=%EB%AC%B4%EC%A0%81%EB%9E%8C%EB%B3%B4%EC%9D%98%EC%A3%BC%EC%8B%9D%EC%9D%B4%EC%95%BC%EA%B8%B0 2월 520만원으로 시작해서 2월 19일 기준 950만원까지 늘었습니다. 매일 매일 거래내역 올리고 잇으며 종목 소개 및 리딩 하고 있습니다. 직장인끼리 단합해서 큰 수익내고싶으신분들 오셔서 구독하세용,https://finance.naver.com/item/board_read.nhn?code=207940&nid=164583171&st=&sw=&page=1,board_read.nhn?code=207940&nid=164584180&st=&sw=&page=1,board_read.nhn?code=207940&nid=164581215&st=&sw=&page=1
2021.02.20T21:26,공포의'D'기 온다..삼성이 본사 사옥까지 팔아서 모은 현금 100조를 미리 대기중인 이유,공포의'D'기 온다..삼성이 본사 사옥까지 팔아서 모은 현금 100조를 미리 대기중인 이유 . . . ....... . . 공포의'D'가 온다니까 다 읽기도 전에 먼저 픽하고 웃는 사람이 있을 것이다.각국 정부는 디플레가 아니라 엄청난 인플레가 온다고 생각하기 쉬울 정도로 돈을 풀어대고 있기 때문이다.돈을 헬기로 뿌려대도 물가가 거의 오르지 않는다. 이는 한 번 꺾이면 되돌릴 수 없을 정도로 세계경제는 허약하다는 뜻이다. . 따라서 진정한 공포의 D는 지금 오르고 있는 주식과 아파트가 앞으로 30~50% 더 폭등한 뒤의 얘기다. 곧 3500 뽀인트에 도달한다.당분간 즉 저자가 예측한 때까지는 맘 놓고 즐겨라.그 후는 죽음이다.즉 롱텀디플레가 본격화된다. 즉 2021년 6 쯤에 주식의 폭락이 먼저 오고나서 약 7개월 뒤 아파트의 폭락과 함께 공포의 D가 시작된다.폭락할 때 대처하면 될듯하지만 미리 투자방향과 방법을 연구해두지 않으면 대처할수 없다.그래서 미리 공부해두고 투자결행을 다짐해둬야 한다. . 현재 1)마이크로소프트 알파벳은 주로 해외에 삼성 등 한국의 일부 재벌들은 막대한 현금을 국내에 보유하고 있다. 이 들은 무슨 일인지 부동산도 지속적으로 팔아 치우고 있다. 한국의 멍청한(?) 준재벌들은 이들이 싸게라도 처분하는 부동산을 열심히 사들이고 있고.... 삼성은 심지어 태평로 삼성본관도 8500억에 모 건설사에 넘겼다. 왜? . 2)장기 디플레이션이 진행 중인 일본인들은 30년 전부터~ 모든 수익성 자산에 투자하지 않는다. 심지어 살 집도 잘 사지 않는다. 일본인들은 경험을 통해서 알아낸 것이다. 일본의 토지신화는 30년전에 이미 끝났음을... . 일본에는 이제 투자 할 곳도 없다. 부동산 주식은 평균 80%가 폭락한 후 아베노믹스로 30년전 시세를 회복 중이다. 주식은 29년전 시세를 최근에 도달했다.이는 곧이어 부동산도 29년전 시세를 복구한다는 뜻이기도하다.모두 풀린 돈의 힘이다.그러나 지속되는 가격대가 아님을 알아야 한다.또 다시 폭락하게 된다.풀린 돈으로 밀어올린 가격이기 때문이다. 일본의 현재 은행예금 이자는 0%대다. 대출이자도 0%대에 불과하다. 국채이자는 마이너스이고 .사고싶은 국채도 매물이 없다. . 곧 한국도 일본처럼 투자할 곳이 없어진다. 한국의 제로금리(대출이자  예금이자)시대는 2023년이 원년이 될 것 같다. 제로금리라니까 은행에서 무이자로 돈을 빌려 월세투자를 하면 수익성 부동산이 돈이 될 것 같지만 일본처럼 이는 죽음에 이르는 길이 된다는 사실을 미리 안내한다. . 일본의 몰락은 주로 인구감소에서 시작되는 롱텀 디플레와 달러하락 때문이다. 일본의 단카이 세대는 680만 한국의 베이비 부머는 720만이다. 일본의 단카이세대는 전인구의 5.7% 한국은 14.4%나 된다. . 인구비중으로 봐서 한국의 디플레는 일본보다 진행속도가 약 2.5배 더 빠를 수밖에 없을 것이라는 것은 베이비부머의 총 인구대비 비중으로도 짐작할 수 있다. 30년 이상 망가진 현재의 일본 경제 상태가  불과 12년 후에 한국도 도착할 경제상황이라는 뜻이다. 무섭다. 롱텀 디플레마져도 한국에는 '빨리빨리'온다. . 저자는 유일하게 디플레를 숏텀 디플레와 5년 이상 지속되는 롱텀 디플레로 나눠서 설명한다. 나눠서 설명해야만 하는 이유는 투자방법과 투자 성과가 180도 다르기 때문이다. 즉 이 책은 바로 롱텀 디플레를 본격적으로 다룬 최초의 재테크 실무서이다. 앞으로 롱텀디플레시의 투자요령을 아느냐 모르냐에 따라 인생이 바뀐다고 단정한다. . 저자는 (한국인의 눈물:월급쟁이와 가난뱅이가 부자가 되는 방법 yes24 최다 리뷰 도서로 선정 ) 책을 통해 롱텀디플레이션을 제대로 익혀 투자하면 오히려 초대박 기회임을 설명한다. 똑똑한 재벌은 이미 이를 알고 있기에 부동산을 처분하고 현찰을 준비하고 있는 것이다. . [한국인의 눈물] 책을 통해서 곧 한국에서의 월세투자 갭투자 주식투자 해외투자 금투자는 모두 망하는 투자가 됨을 논리적으로 증명/입증한다. 특히 금의 가격변동 예측을 주목하라. 저자는 30년간 한국의 대표적 언론에 근무한 언론인이다. 허튼 소리를 하지 않는다.48년간의 일본 엔화의 급등 이에 따른 니케이지수  일본 주택지수의 급락을 이를 비교하고 검증한다. . 일본을 보고 미리 롱텀디플레시의 투자학을 공부하여 대처하면 월급쟁이와 가난뱅이가 노동자에서 자본가로 변신할 수 있는 신분상승의 기회가 온다. 삼성처럼 폭염 때 겨울을 준비해 둬야 한다.그러나 지식으로 준비하지  않은 자에게는 롱텀디플레는 기회가 아니라 공포의 'D' 가 된다는 사실이다 .,https://finance.naver.com/item/board_read.nhn?code=207940&nid=164584180&st=&sw=&page=1,board_read.nhn?code=207940&nid=164598436&st=&sw=&page=1,board_read.nhn?code=207940&nid=164583171&st=&sw=&page=1
2021.02.21T10:46,■■ 애플카 폭스콘으로 확정,■■ 애플카 폭스콘으로 확정 https://n.news.naver.com/mnews/article/421/0005177674?sid=104 결국 애플카는 원래거래처인 폭스콘으로 확정 팩트는 전세계 모든기업이 전기차에올인 2차전지 부족현상발생 ㅡ 2차전지 소재기업 수혜,https://finance.naver.com/item/board_read.nhn?code=207940&nid=164598436&st=&sw=&page=1,board_read.nhn?code=207940&nid=164598633&st=&sw=&page=1,board_read.nhn?code=207940&nid=164584180&st=&sw=&page=1
2021.02.21T10:53,공매도꾼들의 하수인 금용마피아를 척결하라 ,언제 터질지 모르는 거품을 등에지고 잠만 잤는데 눈 뜨고보니 수억 수십억이 올라있는 소비침체의 원흉 미래의 대 재앙 부동산과 실체도 없는 가상화폐 비트코인은 1개에 7천만원을 넘보고 곧 일억도 넘을거라는 전망도 나오고 있는데 이런 시한폭탄은 가만히 놔두고 공매도 금지를 틈타 개미들의 적극적인 참여로 10년이 넘게 공매도꾼들의 난도질로 박스권에서 벗어나지 못하고 있던 증권시장을 꿈의지수 3000대를 올려놓고 경제에 숨통을 터 놓으니까 거품을 제거해야 한다는 구실로 공매도를 선포하고 개미들의 공격적인 투자로 힘을쓸 수 없는 기관 외투 공매도 투기꾼들에게 날개를 달아준 금융 마피아 수장과 그 일당들을 강력히 규탄합니다!!,https://finance.naver.com/item/board_read.nhn?code=207940&nid=164598633&st=&sw=&page=1,board_read.nhn?code=207940&nid=164600293&st=&sw=&page=1,board_read.nhn?code=207940&nid=164598436&st=&sw=&page=1
2021.02.21T11:48,나는 삼바가 챙피하다!!!,회사도 챙피하고 주주마인드도 챙피하고,https://finance.naver.com/item/board_read.nhn?code=207940&nid=164600293&st=&sw=&page=1,board_read.nhn?code=207940&nid=164604468&st=&sw=&page=1,board_read.nhn?code=207940&nid=164598633&st=&sw=&page=1
2021.02.21T13:38,삼성바이오는 업종 1위기업에서 2위로 바뀔거임.,셀트3형제가 합병하면 삼성바이오는 2위임. 셀트  셀트제약  셀트케어 합병이면 1위자리 차지.........,https://finance.naver.com/item/board_read.nhn?code=207940&nid=164604468&st=&sw=&page=1,board_read.nhn?code=207940&nid=164607072&st=&sw=&page=1,board_read.nhn?code=207940&nid=164600293&st=&sw=&page=1
2021.02.21T14:50,셀트~  매출예상 목표  박수를보냅니다~,바이알당 160만~240만원 수준에서 가격이 결정될 것으로 보인다. 셀트리온 계획대로 렉키로나주가 생산된다면 관련 매출액만 7조2000억~21조6000억원에 이른다.(장기보유와 하락시 추가매수로 부자되세요),https://finance.naver.com/item/board_read.nhn?code=207940&nid=164607072&st=&sw=&page=1,board_read.nhn?code=207940&nid=164609847&st=&sw=&page=1,board_read.nhn?code=207940&nid=164604468&st=&sw=&page=1
2021.02.21T16:08,인플레이션 우려 고용지표 악화 앞으로 하락장 입니다,인플레이션 우려 고용지표 악화 앞으로 하락장 입니다,https://finance.naver.com/item/board_read.nhn?code=207940&nid=164609847&st=&sw=&page=1,board_read.nhn?code=207940&nid=164610199&st=&sw=&page=1,board_read.nhn?code=207940&nid=164607072&st=&sw=&page=1
2021.02.21T16:19,셀트리온 주주들은 자부심 같습니다,주가는 더조정 받을수있습니다 누구도 모르는게 주가입니다 기업의 가치을 보는겁니다 ※램시마 트룩시마 허쥬마 3개 신약으로 대한민국1위 올랐습니다 지금도 3개신약은 출시국 늘리는중입니다 ※램시마SC 신약승인 2038년까지 130개국 독점의약품 입니다 매년10조매출 기대한다 합니다 ※세계시장23조 블록버스터급 신약 휴미라 유럽승인 독일.캐나다승인 ※스텔라라 등 매년 신약1개씩 나옵니다 상상해보세요 얼마나 대단한 기업인지 ※코로나치료제 개발성공 신약기업으로 세계에 보여주었습니다 동물과환경에서 전이되는 바이러스는 계속해서 나온다합니다 셀트리온 신약은 계속해서 나온다는겁니다 ※수퍼항생제 당뇨 고혈압 고지혈증등 신약개발중 ※인슐린 국책연구 진행중 언제든지 신약성공 공시나올수있습니다 하루하루 주가에 연연하면 가장 힘든종목이 셀트리온 입니다 10년후 셀트리온 생각하시면 가장 편안한 종목입니다 주가는 갈때되면 갑니다 쉽게 빠르게 올라갑니다 셀트리온 패턴입니다 초기부터 오리지날 주주입니다 차곡차곡 주식수 늘려가세요 훗날 노후대책으로 가세요,https://finance.naver.com/item/board_read.nhn?code=207940&nid=164610199&st=&sw=&page=1,board_read.nhn?code=207940&nid=164610201&st=&sw=&page=1,board_read.nhn?code=207940&nid=164609847&st=&sw=&page=1
2021.02.21T16:19,주식은 미래의 꿈 을 먹고 오르는것  ,삼바 좋아지고있다 우상향 날아가자,https://finance.naver.com/item/board_read.nhn?code=207940&nid=164610201&st=&sw=&page=1,board_read.nhn?code=207940&nid=164613011&st=&sw=&page=1,board_read.nhn?code=207940&nid=164610199&st=&sw=&page=1
2021.02.21T17:38,삼바주주심들 꼭 보세요..,https://youtu.be/Y4E4VsVzIRo,https://finance.naver.com/item/board_read.nhn?code=207940&nid=164613011&st=&sw=&page=1,board_read.nhn?code=207940&nid=164614503&st=&sw=&page=1,board_read.nhn?code=207940&nid=164614343&st=&sw=&page=1
2021.02.21T18:20,年300만명분 생산' 셀트리온 '렉키로나주'  예상 매출액 계산해보니,7조2000억원~21조6000억원...ㅎㄷㄷ 말도 안되는 기사  공시 남발하는 삼바와는 비교불가 ㅋㅋㅋ 니들도 기시다운 기사 좀 내라. 인턴기사로 주가를 만원이나 뻥튀기...노답이야 니들은 ㅋㅋㅋ,https://finance.naver.com/item/board_read.nhn?code=207940&nid=164614503&st=&sw=&page=1,board_read.nhn?code=207940&nid=164614656&st=&sw=&page=1,board_read.nhn?code=207940&nid=164613011&st=&sw=&page=1
2021.02.21T18:25,[필독]삼바의 가장 큰 리스크는 에피스다!,삼성 바이오의 가장 큰 문제는 하나다. 삼성 바이오 에피스에서 만드는 그 어떤 바이오 제품도 삼성 바이오 로직스에서 만들지 못한다. 삼바도 만들고 싶다. 그럼 돈도 아끼고 엄청나게 시너지가 날것이고 무려 8개가 넘는 제품을 최대한 싼 가격에 만들 수 있는 놀고 있는 공장이 많다. 그래도 못 만든다. 그들은 그들이 개발할 능력도 그들이 만들었다고 주장하는 제품을 옆집 가장 가까운 곳 놔두고 지구 반대편에서 만들어야만 하는 비 상식적 기업인 것이다. 지금 그리고 앞으로 삼성 바이오 로직스의 최대 리스크는 삼성바이오 에피스가 될 것이다. 압도적 영업이익이 기대되는 바이오 기업이지만  정작 영업이익은 일반 제조업에 머물 수 밖에 없는 단 하나의 이유! 원천기술이 없는 기업은 결국 치열한 글로벌 경쟁에서 고비용 저 마진으로 인해 운명이 결정되는 것이다. 이 완전한 자기것으로 만드는 능력인 원천기술의 차이가... 셀트리온은 글로벌 바이오 시장의 애플로 성장을 예상할 수 있게 하지만  삼바는 여전히 삼성스러운 전략으로 바이오 시장에서도 공장은 크고 많지만 영업이익은 훨씬 못미치는 겔럭시 수준을 못 벗어나게 되는 것이다. 삼성 바이오 에피스에서 코로나 치료제 개발에 소극적인 이유는 그들이 현재 어떠한 항체 개발 능력도 없음을 증명하는 단순한 예이다. 화려한 공장과 엄청난 규모는 흉내낼 수 있지만  핵심적인 바이오 원천기술은 절대 따라할 수 없다. 이것이 오리지널과 카피켓의 차이이고 삼성이 애플의 이익을 따라잡을 수 없는 클라쓰의 차이이다. [펌] 주식투자 팩트체크,https://finance.naver.com/item/board_read.nhn?code=207940&nid=164614656&st=&sw=&page=1,board_read.nhn?code=207940&nid=164618295&st=&sw=&page=1,board_read.nhn?code=207940&nid=164614503&st=&sw=&page=1
2021.02.21T20:03,빈껍데기회사주가가80만원대라니,심히걱정되는군요 글로벌기업답게 투명하고 사회에 기여를해야할텐데 구멍가게 운영하듯 온갖비리는다저질르고 그렇게돈벌어서 어디에쓸려고      교도소나들락달락 참부꾸러운기업입니다,https://finance.naver.com/item/board_read.nhn?code=207940&nid=164618295&st=&sw=&page=1,board_read.nhn?code=207940&nid=164618365&st=&sw=&page=1,board_read.nhn?code=207940&nid=164614656&st=&sw=&page=1
2021.02.21T20:05,늦기전에 셀트로 갈아타세요,삼바는 브라질로 보내시고,https://finance.naver.com/item/board_read.nhn?code=207940&nid=164618365&st=&sw=&page=1,board_read.nhn?code=207940&nid=164619655&st=&sw=&page=1,board_read.nhn?code=207940&nid=164618295&st=&sw=&page=1
2021.02.21T20:35,삼성바이오로직스 주식분석 및 상승여력 전망,http://naver.me/GaLaueTe,https://finance.naver.com/item/board_read.nhn?code=207940&nid=164619655&st=&sw=&page=1,board_read.nhn?code=207940&nid=164627451&st=&sw=&page=1,board_read.nhn?code=207940&nid=164618365&st=&sw=&page=1
2021.02.22T00:04,됐고 삼바가서 실적 보구 와라,삼바 실적 끝내준다,https://finance.naver.com/item/board_read.nhn?code=207940&nid=164627451&st=&sw=&page=1,board_read.nhn?code=207940&nid=164627549&st=&sw=&page=1,board_read.nhn?code=207940&nid=164619655&st=&sw=&page=1
2021.02.22T00:06,됐고 셀트가서 실적 보구와라,실적 끝내준다,https://finance.naver.com/item/board_read.nhn?code=207940&nid=164627549&st=&sw=&page=1,board_read.nhn?code=207940&nid=164639568&st=&sw=&page=1,board_read.nhn?code=207940&nid=164627451&st=&sw=&page=1
2021.02.22T08:54,[삭제된 게시물의 답글]====증권가 3월 위기 설====,좋은정보 감사합니다 이참에 공매도 하수인 대한민국 은생수를 비롯한 전 세계 금융인들과 대 기업에서 적극적으로 투자하는 비트코인으로 이사해야 할 것 같습니다,https://finance.naver.com/item/board_read.nhn?code=207940&nid=164639568&st=&sw=&page=1,board_read.nhn?code=207940&nid=164632112&st=&sw=&page=1,board_read.nhn?code=207940&nid=164627549&st=&sw=&page=1
2021.02.22T05:48,2 000종목중 최고 종목 증명과 28종목 비교,코스피 지수 50%오를때 20%내린 최고의 실적종목 증명과 28종목 비교 ## 2013.3.8일 회사분할 결정 1. 분할방법 (1) 상법 제530조의2 내지 제530조의11의 규정이 정하는 바에 따라 분할되는 회사의 주주가 분할신주 배정기준일 현재의 지분율에 비례하여 분할신설회사의 주식을 배정 - 분할되는 회사(존속회사): 네이버주식회사(가칭  네이버 사업부문) -분할신설회사: 한게임주식회사(가칭  한게임 사업부문) (2) 분할기일은 2013년 8월 1일 입니다. 분사전 2012.12.31일 기준 Nhn엔터테인먼트 아래 순자산 9171억에 1년 매출3800억 주가293500원 그런데 지금은 ### 6. 분할설립회사 회사명 한게임주식회사(가칭) 설립시 재무내용(백만원) 자산총계 973 698 부채총계 56 576 자본총계 917 122 자본금 7 583 2012-12-31 현재기준 신설사업부문 최근 사업연도 매출액(백만원) 380 008 주요사업 온라인 및 모바일 게임 소프트웨어 개발 및 공급 재상장 신청 여부 예 ## 종속기업수 2013.9.30일~21개 2013.12.31일~25개 2014.12.31일~69개 2015.12.31일~64개 2016.12.31일~81개 2017.12.31일~96개 2018.12.31일~103 2019.12.31일~84개 2019.09.30일~92개 2013.8.1일 분사 2013년 3분기(9.30일 기준) 영업이익~당기순이익~총포괄이익~매출~순자산 253억~~80억~~~~~31억~~~~1015억~9907억 ## 년도별 총이익 년도~영업익~당기순익~총포괄익~매출~순자산 2013~521억~160억~238억~~2653~10130억 2014~119억~503억~462억~5569~10429 2015~(543)~1652억~1430억~6446~15025 2016~224억~71억~~527억~8564~15104 2017~347억~87억~~(136)~9091~16579 2018~686억~1047억~985억12646~18200 2019~867억~232억~313억14886~18287 2020~1025억~358억~미정~16814~18500 ## 2020년 4분기엔 628억의 영업권 손상차손이 인식 되며 326억의 당기순손실 기록했다 한다 이런 것은 걱정 안해도 된다 이커머스등 대부분 클라우드관련은 영업권이 90%이다 그러니 손상 시키는 것은 당연~ 대부분 초기에 인수한 nhn은 영업권 재창출을 회계상 인정하지 않기 때문에 수백배의 영업권이 잠재해 있다는 것을 알아야 한다 훨씬늦게 인수하기 시작한 카카오는4분기에 훨씬많은 영업권 손상차손을 인식했다 ## 현재 순자산 1조8500억으로 나오지만 자본의 감소로 나타나는자사주 아래110만주 약800억 순이익과 1분기에 나타날 데브~기타포괄이익 아래746억 실제 순자산의 알파격인 1546억 더 중요한 것은? 11 일본 nhnplayart 2015년 유상증자를 자체자금 100%참여로 nhn japan 과 일본등 계열사 100%지분이다는 것 여기서 자체자금이 아니고 외부에서 끌여 들였다면 훗날 아래 nhn글로벌등과 합계 약2조의 손해가 생길 것 22 미국 nhn글로벌 2018.8월 유상증자 573억 자체자금으로 100%참여 콘덴츠사업과 사업과 신규사업확대격 6월에 연간 1조원 거래규모 온라인 쇼핑몰 2위업체 (LA쇼룸)  경영권 인수금액 5050만달러(약567억) 9 월엔 또 다른 ERP업체 약1300만달러 인수 그리고 LA타운의 허름한 건물 1층을 제외하고 대부분 비어있는 5층건물 2200만달러 매입 아마 내부 리모델링등 공사비가 100억은 넘게 비용으로 나갔을 것으로 추정 공사비 빼도 합8550만 달러 1000억은 들어갔다 1등기업이 2등기업 인수가 이 정도다 그러나 장부가는 2등기업 하나 가격이다 아마 nhn4분기 영업권 628억의 영업권 손상 시킨 것이 Nhn글로벌 영업권 손상처리  여행박사도 대부분 영업권이니 10명 남기고 전원 정리하면서 영업권 손상처리 그리고 아래 비지배지분 취득하면서 지배기업은 처음 영업권만 인정하므로 비지배지분 아래 5~10배 가격 인수하면서 영멉권은 종속기업이니 연말에 손상처리 한 것으로 보여진다 ## 데브시스터즈는?(2013.10.24일 취득) 취득원가가 166억2200만이고 주식수는178만3320주다 2020.9.30일 기준(당분기말) 자산144억9500만원 현재 주가가?50000원이니 891억 6600만 나온다 그럼 891억6600만원에 원가 공제하면 매도시 당기순이익 725억4400만 전분기말 자산공제 기타포괄이익은? 891억6600만원에 144억9500만 빼니 즉 순자산의 증가는?746억7100만 ## 자사주(자본의 감소로 나타난다) 2013.09.30일 자사주 21 210주 2020.09.30일 자사주 876 171주 2020.12.07일 자사주 1 016 171주 2021년 현재 약10만주 늘어 1 111 171주 ## 위의 2015년 순자산이 2014년 대비4  596억 증가된 것은? 내용은 아래참고 1. 2015.3.20일 유상증자 440만주x62100원=2732억 2.웹젠 *2015.7월~9월초 지분7.48% 매도 264만619주 x38200=1010억 *2015.7월 지분19.24% 아워팜에679만5143주x30000=2039억 2014년 1분기 보고서 계열회사 등의 현황에서 웹젠 최초 취득가는?120억(2010.7.12일) 장부가는?326억6400만 그럼 약2750억~2950억의 이익 분사전 웹젠의 주가는? 분사의 분할 구체적 결정 공시날이 2013년3.8일이니 아래의 주가는?준호회장은 행운인셈 2013.1.2일 7600원 2014.1.2일 7170원 2014.6.30일5890원 ## 지분 매각액은 총 2039억원으로 주당 3만원이다. 웹젠의 기준 주가인 2만1644원에 38.6% 가량의 프리미엄이 붙었다. 딜은 오는 7월 7일 지분 양도와 함께 최종 완료된다. 이번 계약으로 NHN엔터는 2000억원 이상의 현금이 유입된다. 반면 한때 계열사였던 웹젠과의 지분 관계는 완전히 청산하게 됐다. NHN엔터는 지난해 7월부터 웹젠 보유 주식을 장내 매도하면서 지분율을 낮춰왔다는 점을 감안하면 이번 지분 매각은 예고된 수순이기도 하다. NHN엔터는 원래 웹젠의 최대주주로서 한 때 26.7%(944만주)를 갖고 있었으나 일련의 장내 매도로 현 19.2%를 보유해왔다. 당시 NHN엔터가 총 7차례 웹젠 지분 매각으로 손에 쥔 현금 규모는 1010억원이다. ##유상증자 청약일:2015.3.20 구분 주식 발행가액~~수 량 ~~발행총액 62 100 4 400 000 273 240 000 000 총 계 273 240 000 000 ## 그리고 분사후 아래 보시면 일본 nhnplayart 라인디즈니쯔무쯔무 요괴 컴퍼스등 계속 대박으로 작년 424억 흑자 Nhn japan 또한 웹툰 기술부문 클라우드 전자상거래에서 대박을 거두어 작년514억 흑자 ## 종속기업 대부분이 장부가 대비 5~10배는 뛰어 10조의 가치는 충분~ 연도별 당기순이익 장부가 지분율 총포괄이익 종목~~nhnplayart~nhn japan 2015~~87억~~~~70억 적자 2016~~463억~~~83억흑자 2017~~454억~~~~97억 2018~~426억~~~~353억 2019~~416억~~~~458억 2020 종속기업이라 세부 자료 없슴 장부가~2140억~~~~531억 지분율~100%~~~~~100% 시가총액~비상장~~~비상장 총포괄손익424억~~~514억 (2019년) 아래 보시면 9.30일 기준 순자본 1조8947억에 Nhnplayart 장부가 531억에 작년흑자 424억 현재 nhn시총 1조4341에 흑자 424억이면 per34 나온다 게임주 평균이 per38 정도 되니 조금 손해를 보고 시총과 퉁 쳐보자 그럼 nhn 순자본 1조8947-531= 1조8416억은 불우이웃돕기 즉 모두다 코로나 불우이웃돕기 ## 총정리(개인필독~)자산2조5628억 투자가 현재10조는 된다 아래는 2020.11.16일 분기 보고서 복사다 Nhn은 순자본1조8947억 부 채 6681억 합 2조5628억의 자금이 투자된 기업이다 아래 종속기업과 관계기업의 장부가가? 1조2105억중에 지분20~50%괸계기업은 584억이고 나머진 종속기업 장부가 이다 지분20%이하는?(아래 참고) 1445억+3334억 합4779억 투자이다 나머진 유형자산3793억 무형자산4796억이다 등등에 155억 투자 역으로 계산하면 1조2105+4779억+3793억+3334억+??155억을 추가하면 위에 총자산 2조5628억이 나온다 그럼 종속기업 실제가치 정검해 보자 11111 NHN Japan Corp.~장부가2134억이다 일본nhn(nhn japan과 nhnplayart 합산이다) 작년938억 흑자다 9배는 뛰어야 맞다 (per20 기준) 222222 #1 (9.24일)1조2168 (6월 계약하고 7~9월에 잔금 예상) 페이코 가격 1조2168억 1년새 5000억 뛰어~ 2.26%=275억 100%=275/2.26×100=1조2168억 Nhn기업이 아닌 주주간의 실제 거래다 아래 페이코 장부가?1866억 6배는 올라야 nhn지분68.42%의 금액이 된다 33333333333333 아래 고도는 장부가의 10.43배 위즈덤 하우스는 3.09배 Nhn고도(에이컴메이트 포함)10배는 뛰어야 된다 (단위:천원) 엔에이치엔고도㈜ 취득한 비지배지분의 장부금액 ~~~~~13 946 지분의 추가 취득으로 인해 지급한 금액 145 487 지배기업에 귀속되는 지분의 감소액 ~~131 541 145487/13946=10.43배 ㈜엔에이치엔벅스 취득한 비지배지분의 장부금액~~~~~769 685 지분의 추가 취득으로 인해 지급한 금액 886 325 지배기업에 귀속되는 지분의 감소액 ~~116 640 886325/769686=1.15배 ㈜엔에이치엔에듀 취득한 비지배지분의 장부금액~~~~~37 421 지분의 추가 취득으로 인해 지급한 금액 66 057 지배기업에 귀속되는 지분의 감소액~~ 28 636 66057/37421=1.77배 엔에이치엔한국사이버결제㈜ 취득한 비지배지분의 장부금액~~~~~ 2 718 697 지분의 추가 취득으로 인해 지급한 금액 15 800 547 지배기업에 귀속되는 지분의 감소액 ~~13 081 850 15800547/2718697=5.81배 ㈜위즈덤하우스 취득한 비지배지분의 장부금액~~~~~ 3 235 266 지분의 추가 취득으로 인해 지급한 금액 9 999 969 지배기업에 귀속되는 지분의 감소액~~6 764 703 9999969/3235266=3.09배 444444444 Nhn글로벌의 장부가1645억도 약 5배는 넘을 것 55555555 아래 토스트 자본금 30억이다 연구개발인력 약200명이다 2020.7.1일 출발 이다 Nhn은 7년전 부터 약200명 이상이 클라우드관련 연구개발을 했다 그리고 7.1일 토스트 연구개발에만 별도 설립이다 여기에 7년전부터 현재까지의 무형자산 가치는? 아마 3조는 넘을 것 시간관계상 여기 까지만 아래는 3분기 분기보고서 복사니 참고 하시라~~ 8. 종속기업  관계기업 및 공동기업 투자 당분기말과 전기말 현재 종속기업  관계기업 및 공동기업에 대한 투자 주식 내역은 다음과 같습니다. (단위:천원) 구 분 회사명 소재지 주요 영업활동 당분기말 전기말 지분율(%) 장부금액 지분율(%) 장부금액 종속기업 NHN Japan Corp.~100.00~ 213 997 173 엔에이치엔빅풋㈜~ 100.00 ~64 295 773 엔에이치엔픽셀큐브㈜~ 100.00~ 5 456 415 NHN GLOBAL  INC.~ 100.00~ 164 518 875 엔에이치엔고도㈜~ 74.44~ 53 734 395 ㈜피앤피시큐어 ~ 70.00~ 42 011 717 엔에이치엔위투㈜~ 100.00 ~20 933 729 엔에이치엔페이코㈜ ~ 68.42 ~186 581 993 ㈜엔에이치엔다이퀘스트 ~94.95~ 11 443 662 엔에이치엔에듀㈜~75.09 ~17 394 473 엔에이치엔토스트㈜~100.00~ 3 000 000 관계기업 ㈜파이오링크~ 28.97 ~19 673 432 ㈜구름 클라우드 ~ 22.22~ 1 000 200 합 계 1 210 503 383 9. 공정가치측정금융자산 당분기말과 전기말 현재 공정가치측정금융자산의 내역은 다음과 같습니다. (1) 기타포괄손익공정가치측정금융자산 (단위:천원) 구 분 ~당분기말 ~~~전기말 합 계 144 536 404 ~125 905 934 (2) 당기손익공정가치측정금융자산 (단위:천원) 구 분 ~당분기말 ~~~전기말 합 계333 375 473~ 355 911 435 공매도 속성 1등기업 증명 영업이익률 이해 28종목 비교 맨아래 부분 28종목 비교 참조 먼저 공매도의 원리 간단하게 공매도란 정상가격 대비 주가가 높을때 이용하는 것이 아니다 주가가 높을때는 큰손이 올린 것이다 일단 고가로 올리고 흔든다 동종주가 대비 올릴때는적은금액으로 올리고 내릴때는 많은금액을 매도한다 흔들기를 제법 오래한다 그리하여 차익을 최대한 실현하면 주가가 제법 내려와 있다 그때서야 공매도를 계속 후려치어(즉 현물로 차익을 실현한후~고가에 공매도를 사용하면 개인들 혼비백산 줄행량 손해이다 고로 현물 반 이상 빠져 나온후 공매도 사용) 물론 매수 받히고 매도에 공매도 집중 매도인셈 어리석은 개인들 공매도에 혼비백산하고 큰손은 최저가에 물량 확보하는셈 (이때 개인은 역발상 하여 매수하면 대박인데 실제는 대분분이 반대로 매도하여 큰손실을 입는다) 영업이익:2020년 pbr:2.16일 종가 기준 시총순위 20종목+비대면11-중복3 총합28종목 (아래 2020년 영업이익률=영업이익/시가총액 ) 영업이익률 pbr비교 시총순위 ~~~~주가~영업이익률~pbr 1.삼성전자~~~84 900~6.32~~2.15 2.Sk하이닉스 132 500~5.20~~1.80 3.LG화학 ~~978 000~3.41~~4.12 4.삼성전자우~ 76 200~6.32~~1.93 5.naver~~~~394 000~1.88~~8.87 6.삼성sdi ~~803 000~1.22~~4.26 7.삼성바이로796 000~0.56~~11.71 8.현대차~~~245 000~4.61~~0.92 9.셀트리온~325 000~1.75~~13.70 10.카카오~~514 000~1.00~~6.89 11.기아차~~85 700.~5.95~~1.18 12.현대모비스334 000~5.77~~0.94 13.sk이노베이284 500~적자~~1.58 14.LG전자~~172 500~10.76~1.99 15.LG생활건강1 627 000~4.80~~5.84 16.삼성물산~ 133 000~3.45~~0.90 17.POSCO~~ 271 500~1.02~~0.48 18.엔씨소프트 1 015 000~3.70~6.51 19.sk~~~~~303 500~미정~~0.89 20.SK텔레콤~251 000~6.66~~0.77 비대면 관련주(클라우드 비중높은 시총 1조이상 종목) 종목 ~~~~주가~영업이익률~pbr naver~ ~~366 500~2.02~~8.25 카카오~~~489 500~1.05~~6.57 더존비즈온 112 500~2.23~~9.19 Nhn~~~~~72 000~7.28~~0.82 Nhn한국사이 51 700~3.35~~8.31 비대면 관련주(게임주 시총 1조 이상 종목) 종목~~~~주가~영업이익률~pbr 엔씨소프트 1 027 000~3.62~6.59 넷마블~~~136 000~2.35~~2.18 펄어비스~~370 700~3.82~~6.52 카카오게임즈55 500~1.79~~4.50 컴투스~~~157 100~5.82~~1.95 웹젠~~~~~38 700~8.14~~2.93 #시총순위 20종목+비대면11주-중복3 총합28종목 (시총은 2.16일 종가기준 영업이익률 총정리) 시총순위 ~~2020영업이익(4분기)~영업이익률 1.삼성전자5 695 384~359939(90470)~6.32% 2.Sk하이닉스~ 964 603~50126(9659)~5.20% 3.LG화학~~~~690 393~23532(6736)~3.41% 4.삼성전자우(전자5 068 345+ 우627 039) 전자와 동일 5.naver~~~~647 197~12153(3238)~1.88% 6.삼성sdi ~~~552 179~6713(2462)~1.22% 7.삼성바이로직스526 673~2928(926)~0.56% 8.현대차~~~602 710~27813(16410)~4.61% 9.셀트리온438 743~3분기합5474+2183=1.75% 10.카카오~~~~455 762~4560(1498)~1.00% 11.기아차~~347 396~20665(12816)~5.95% 12.현대모비스 317 483~18303(7023)~5.77% 13.sk이노베이션 263 065~적자(적자)~적자 14.LG전자~~296 539~31918(6470)~10.76% 15.LG생활건강 254 108~12209(2563)~4.80% 16.삼성물산~~ 248 560~8571(2564)~3.45% 17.POSCO~~ 236 712~24030(8634)~1.02% 18.엔씨소프트~ 222 833~8248(1567)=3.70% 19.SK~~~~213 544~3분기합2694적자~미정 20.SK텔레콤~ 202 672~13493(3311)~6.66% 현대차 합 시총 596214 (현대차528828+우28863+2우B42323+3우B2696 LG전자 (282292+우14247)합288151 비대면 관련주(클라우드 비중 높은종목 시총1조이상 ) 종목~시가총액~2020영업이익(4분기)~영업이익률 naver~~~~647 197~12153(3238)~1.88% 카카오~~~~455 762~4560(1498)~1.00% 더존비즈온 33 964~~~767(267)~~~2.23% Nhn~~~~~~14 087~1025(203)~~~7.28% Nhn한국사이버결제11 876~398(108)~3.35% 비대면 관련주(게임주 종목 시총 1조 이상 ) 종목~~시가총액~2020영업이익(4분기)~영업이익률 엔씨소프트~ 222 833~8248(1567)=3.70% 넷마블~~~116 794~2720(825)~~~~2.33 펄어비스~~48 895~1573(200)~3.22% 카카오게임즈41 287~~~~666(166)~~1.61% 컴투스~~~20 213~~~1129(248)~~~5.59 웹젠~~~~~13 665~~~1083(388)~~7.93% 4분기 예상 영업이익 종목~기자 성함~예상영업이익 펄어비스~박효길~~391 .셀트리온~~강수윤~2183 업종 구분 1등 종목~5종목 구분별 ~ 시총20등 이내~클라우드관련주~게임주 영업이익률1등~LG전자~~~~NHN~~~~~웹젠 Pbr1등 ~~~~~POSCO~ ~ ~NHN~~~~컴투스,https://finance.naver.com/item/board_read.nhn?code=207940&nid=164632112&st=&sw=&page=1,board_read.nhn?code=207940&nid=164641978&st=&sw=&page=1,board_read.nhn?code=207940&nid=164639568&st=&sw=&page=1
2021.02.22T09:06,조선 바이오는 모다? 캐사기라 했냐 안했냐~~,불과 몇년전 1만원대 놀던 주시기를 .10배 넘게 땡긴다음..지덜끼리 물고 빨고하다가 . 손님 떨어지니까 뉴스 띄우구 하한가 보내 낙폭 과대인척 하는 신라젠 헬릭스미스..똑같은 패턴이지만 아직 꼴아박기전인 제넥신 메지온 셀트리온 sk바 삼바..이제 꼴아박기 시작하는 신풍 에이치엘비 박셀바이오 메디톡스..이런데 들어가는 혹우 없겠지?,https://finance.naver.com/item/board_read.nhn?code=207940&nid=164641978&st=&sw=&page=1,board_read.nhn?code=207940&nid=164643373&st=&sw=&page=1,board_read.nhn?code=207940&nid=164632112&st=&sw=&page=1
2021.02.22T09:11,자사주 매입하여 주주들 가치제고 하시오,존닙사장 뭐하시오,https://finance.naver.com/item/board_read.nhn?code=207940&nid=164643373&st=&sw=&page=1,board_read.nhn?code=207940&nid=164643382&st=&sw=&page=1,board_read.nhn?code=207940&nid=164641978&st=&sw=&page=1
2021.02.22T09:11,형님들 오늘은 제넥신이나 박셀바이오인가봐요,삼성 바이오 그동안 고마웠어..,https://finance.naver.com/item/board_read.nhn?code=207940&nid=164643382&st=&sw=&page=1,board_read.nhn?code=207940&nid=164643685&st=&sw=&page=1,board_read.nhn?code=207940&nid=164643373&st=&sw=&page=1
2021.02.22T09:12,국민청원 올렸습니다 (300분 이상 참여 중),K 바이오 뉴딜펀드의 의혹을 해소하고자 청원했습니다. 시장 질서 확립에 참여 부탁드립니다. 펀드 전체 구성에 셀트리온 관련 비중만 42%에 육박한데 금감원은 뒷짐만 지고 있어 다른 여러 유망한 바이오 제약사들은 소외되고 있습니다. 셀트리온 액면가 500원  BPS 2만원  치료제 효과는 의문인 주식이 3 40만원에 투자 받고 있지만 정부는 K-뉴딜 펀드라는 이름으로 앞으로 5년간 170조원 투입 예정이여서 국민의 혈세가 자칫 특정 기업에 쏠리는 특혜 의혹을 갖지 않을 수 없습니다. https://www1.president.go.kr/petitions/596515,https://finance.naver.com/item/board_read.nhn?code=207940&nid=164643685&st=&sw=&page=1,board_read.nhn?code=207940&nid=164644514&st=&sw=&page=1,board_read.nhn?code=207940&nid=164643382&st=&sw=&page=1
2021.02.22T09:15,13조 안만드나?,삼물.삼바.삼생..  주가 올려야 되잖아 이게 빠지면 어쩌누~~100만 가야지 니미~,https://finance.naver.com/item/board_read.nhn?code=207940&nid=164644514&st=&sw=&page=1,board_read.nhn?code=207940&nid=164648493&st=&sw=&page=1,board_read.nhn?code=207940&nid=164643685&st=&sw=&page=1
2021.02.22T09:27,실수한 주식 두개,증권가 직원말만 듣지말고 스스로 공부한 후 선택할걸... 후회막심.. 삼바 나노,https://finance.naver.com/item/board_read.nhn?code=207940&nid=164648493&st=&sw=&page=1,board_read.nhn?code=207940&nid=164651306&st=&sw=&page=1,board_read.nhn?code=207940&nid=164644514&st=&sw=&page=1
2021.02.22T09:35,이건 주식이 아닌 듯...ㅋ,저번 금요일에 막판 반짝 하는거 그대로 다 토하는고만... 근데 머... 어짜피 주식도 아닌 거 그냥 보고만 있습니다. 이게 확실히 올라줘야 재용이형 승계가 어쩌고 하던데... 거 참... 재용이형 좀 놓아주라니깐... 떡고물 좀 얻어먹으려다 파란불만 보고 있네요. 원래는 120만까지 보고 들어왔는데 이젠 기다리기도 지쳤습니다. 본전만 찾게 해주세요.^^ 기왕이면 백만 찍는거 보고 싶긴 합니다.ㅎ,https://finance.naver.com/item/board_read.nhn?code=207940&nid=164651306&st=&sw=&page=1,board_read.nhn?code=207940&nid=164651620&st=&sw=&page=1,board_read.nhn?code=207940&nid=164648493&st=&sw=&page=1
2021.02.22T09:36,삼바 거품 제거 중,난 이주식 없지만. 누가 그러던데.. 삼바는 50만원대사 적정주가라 고 ... 아직 30% 나 고평가이네.. 쩝,https://finance.naver.com/item/board_read.nhn?code=207940&nid=164651620&st=&sw=&page=1,board_read.nhn?code=207940&nid=164651843&st=&sw=&page=1,board_read.nhn?code=207940&nid=164651306&st=&sw=&page=1
2021.02.22T09:37,사장  일하는것인지  사무실서  ㅡㅡ,주가보시오,https://finance.naver.com/item/board_read.nhn?code=207940&nid=164651843&st=&sw=&page=1,board_read.nhn?code=207940&nid=164651930&st=&sw=&page=1,board_read.nhn?code=207940&nid=164651620&st=&sw=&page=1
2021.02.22T09:37,모간햇님 입성 중이다.,길을 비켜라,https://finance.naver.com/item/board_read.nhn?code=207940&nid=164651930&st=&sw=&page=1,board_read.nhn?code=207940&nid=164652738&st=&sw=&page=1,board_read.nhn?code=207940&nid=164651843&st=&sw=&page=1
2021.02.22T09:40,삼성디스플레이는 애플카 들어갑니다.,삼성전자 호재입니다.,https://finance.naver.com/item/board_read.nhn?code=207940&nid=164652738&st=&sw=&page=1,board_read.nhn?code=207940&nid=164653078&st=&sw=&page=1,board_read.nhn?code=207940&nid=164651930&st=&sw=&page=1
2021.02.22T09:41,존림 존윅 징하다,보유 종목중 유일하게 떨어지는 종목,https://finance.naver.com/item/board_read.nhn?code=207940&nid=164653078&st=&sw=&page=1,board_read.nhn?code=207940&nid=164656619&st=&sw=&page=1,board_read.nhn?code=207940&nid=164652738&st=&sw=&page=1
2021.02.22T09:53,삼바 조닙  사장   셀트 서정진회장 사무실 가서,커피 한잔 잡수시고 오시오,https://finance.naver.com/item/board_read.nhn?code=207940&nid=164656619&st=&sw=&page=1,board_read.nhn?code=207940&nid=164667494&st=&sw=&page=1,board_read.nhn?code=207940&nid=164653078&st=&sw=&page=1
2021.02.22T10:29,삼바 창피하네 정말,그냥 삼성 이름값에 기대있는 회사 아닌가 주가도 삼별 증권이 관리해주고 이제 약빨 다 떨어져가는게 보인다 우짜노,https://finance.naver.com/item/board_read.nhn?code=207940&nid=164667494&st=&sw=&page=1,board_read.nhn?code=207940&nid=164667787&st=&sw=&page=1,board_read.nhn?code=207940&nid=164656619&st=&sw=&page=1
2021.02.22T10:29,조선 바이오는 캐사기다?,조선때 유럽에서는 마취도 않하고 다리 팔을 톱으로 잘랐다 ㅋㅋㅋ,https://finance.naver.com/item/board_read.nhn?code=207940&nid=164667787&st=&sw=&page=1,board_read.nhn?code=207940&nid=164667949&st=&sw=&page=1,board_read.nhn?code=207940&nid=164667494&st=&sw=&page=1
2021.02.22T10:30,city 그룹 잘가.,ㅇㅇ 언넝 철수해라. 싸게 주워야 하는데..예수금이 없어서 안타깝다.. JP모건형이 셀트 팔고 삼바 줍줍허고 있네 ㅡㅡ;; 같이 주워야 하는데,https://finance.naver.com/item/board_read.nhn?code=207940&nid=164667949&st=&sw=&page=1,board_read.nhn?code=207940&nid=164670829&st=&sw=&page=1,board_read.nhn?code=207940&nid=164667787&st=&sw=&page=1
2021.02.22T10:39,세상에서 가장 쉬운 주식 비법 소개,주식은? 8~9년 왔다 갔다 하다 10년 지나 10배 오르는 것 고로 세상에서 제일 쉬운게 주식 투자이다 아래 메리츠 자산 대표 존리가 tv 맛집에서 한말이다 국민들은? 주식은 필수고 매수하고 매도만 하면 된다 여기서 매수는? 가치주(실적과 성장 둘다 성립 되면서 가치 대비 저평가 종목)이고 매도는? 장기로 가져 가는 것은 필수 즉 가치주가 왔다 같다 10년 반복하면 10년차 에는 대부분 주가가 10배로 올라 있으니 이때 매도만 하면 된다는 뜻,https://finance.naver.com/item/board_read.nhn?code=207940&nid=164670829&st=&sw=&page=1,board_read.nhn?code=207940&nid=164674977&st=&sw=&page=1,board_read.nhn?code=207940&nid=164667949&st=&sw=&page=1
2021.02.22T10:53,셀트!!,남아공 바이러스보다 더 악독한 쌈바 바이러스야 셀트는 인천 경찰 특공대가 24시간 철통같이 경비서준다는데 넌 뭐냐? 엊그제 모처럼 마지못해 올려준거 과분해서 또 뒈지냐? 에라이 개××××××,https://finance.naver.com/item/board_read.nhn?code=207940&nid=164674977&st=&sw=&page=1,board_read.nhn?code=207940&nid=164683189&st=&sw=&page=1,board_read.nhn?code=207940&nid=164670829&st=&sw=&page=1
2021.02.22T11:20,엘지화학은 소아마비주사제로 글로벌기업 된다.,삼바는 주주들에게 욕먹네.......,https://finance.naver.com/item/board_read.nhn?code=207940&nid=164683189&st=&sw=&page=1,board_read.nhn?code=207940&nid=164687043&st=&sw=&page=1,board_read.nhn?code=207940&nid=164674977&st=&sw=&page=1
2021.02.22T11:32,김태환사장님!!,사장님께서 혼신을 다해 키워놓은 삼바가 사장님 짤린후 듣도보도 못한 사람이 대표가 돤후 힘한번 제대로 써보지 못하고 땅굴을 파대고 있습니다 삼가 간청하온데 옛정을 생각해서 부디 훈수라도 두어서 침몰해 가는 삼바를 구출해 주십시요,https://finance.naver.com/item/board_read.nhn?code=207940&nid=164687043&st=&sw=&page=1,board_read.nhn?code=207940&nid=164697256&st=&sw=&page=1,board_read.nhn?code=207940&nid=164683189&st=&sw=&page=1
2021.02.22T12:09,걸레량 만주 시총 5워,대단한 삼슝,https://finance.naver.com/item/board_read.nhn?code=207940&nid=164697256&st=&sw=&page=1,board_read.nhn?code=207940&nid=164701289&st=&sw=&page=1,board_read.nhn?code=207940&nid=164687043&st=&sw=&page=1
2021.02.22T12:25,이런 주식도있네,백만 간다며 춤만 추던 삼바 대웅 신풍 삼천당 퓨는 다,https://finance.naver.com/item/board_read.nhn?code=207940&nid=164701289&st=&sw=&page=1,board_read.nhn?code=207940&nid=164702952&st=&sw=&page=1,board_read.nhn?code=207940&nid=164697256&st=&sw=&page=1
2021.02.22T12:32,거래량 봐라..,이정도면 거의 시체주 아니냐 ㅋㅋㅋ,https://finance.naver.com/item/board_read.nhn?code=207940&nid=164702952&st=&sw=&page=1,board_read.nhn?code=207940&nid=164704156&st=&sw=&page=1,board_read.nhn?code=207940&nid=164701289&st=&sw=&page=1
2021.02.22T12:37,더이상은 무리인가?,거래량 없지 연일 폭락하지 최고점에서 물린건가 젠장,https://finance.naver.com/item/board_read.nhn?code=207940&nid=164704156&st=&sw=&page=1,board_read.nhn?code=207940&nid=164706449&st=&sw=&page=1,board_read.nhn?code=207940&nid=164702952&st=&sw=&page=1
2021.02.22T12:46,일단은매도 이동함,데브시스티즈 영업이익 86%증가공시나왔다 쌍한가예약,https://finance.naver.com/item/board_read.nhn?code=207940&nid=164706449&st=&sw=&page=1,board_read.nhn?code=207940&nid=164710286&st=&sw=&page=1,board_read.nhn?code=207940&nid=164704156&st=&sw=&page=1
2021.02.22T13:00,[삭제된 게시물의 답글]삼바의 미래를 계산,팩트를 정확히 짚었네요 맞습니다 존림에겐 삼바 대표 자리는 전혀 어울리지 않는 옷이고 맞지않는 신발입니다,https://finance.naver.com/item/board_read.nhn?code=207940&nid=164710286&st=&sw=&page=1,board_read.nhn?code=207940&nid=164713673&st=&sw=&page=1,board_read.nhn?code=207940&nid=164706449&st=&sw=&page=1
2021.02.22T13:13,하청업체-삼바,삼성전자 기술력이지? 삼성바이오 하청업체? ㅉㅉ,https://finance.naver.com/item/board_read.nhn?code=207940&nid=164713673&st=&sw=&page=1,board_read.nhn?code=207940&nid=164715253&st=&sw=&page=1,board_read.nhn?code=207940&nid=164710286&st=&sw=&page=1
2021.02.22T13:19,ㅂㅅ같이 최고점에 물려서,그지같은 경우를 맞이하네,https://finance.naver.com/item/board_read.nhn?code=207940&nid=164715253&st=&sw=&page=1,board_read.nhn?code=207940&nid=164715286&st=&sw=&page=1,board_read.nhn?code=207940&nid=164713673&st=&sw=&page=1
2021.02.22T13:20,이재용씨는 하루빨리 용단을 내려라,비록 대장이 정부가 제공하는 특급호텔에서 철통같은 경호속에 무상급식을 받고 있다고 하나 듣도보도 못한 사람을 대표로 앉혀놓고 회사를 완전 아작내고 있는지 묻고싶다 ~~ 지금이라도 맞지않는 옷을입고 허둥대고 있는 대표를 주특기인 해외영업부로 발령하고 전무 경영인을 영입해서 회사를 살려라,https://finance.naver.com/item/board_read.nhn?code=207940&nid=164715286&st=&sw=&page=1,board_read.nhn?code=207940&nid=164722584&st=&sw=&page=1,board_read.nhn?code=207940&nid=164715253&st=&sw=&page=1
2021.02.22T13:46,뭐하고 있노,취임하고나서 수주한거 있어 직무유기야 요즘 어려운 시기에 놀고 있으면 되나 열심히 안하니 평판도 2달 연속 셀트에 밀리고 있지 이제라도 정신차리세요 못하겠으면 내려오던지요,https://finance.naver.com/item/board_read.nhn?code=207940&nid=164722584&st=&sw=&page=1,board_read.nhn?code=207940&nid=164725650&st=&sw=&page=1,board_read.nhn?code=207940&nid=164715286&st=&sw=&page=1
2021.02.22T13:56,존림 ,한심한 존림,https://finance.naver.com/item/board_read.nhn?code=207940&nid=164725650&st=&sw=&page=1,board_read.nhn?code=207940&nid=164727220&st=&sw=&page=1,board_read.nhn?code=207940&nid=164722584&st=&sw=&page=1
2021.02.22T14:01,길가다 만나면,존니미 조인트를 조낸 주까고 집다,https://finance.naver.com/item/board_read.nhn?code=207940&nid=164727220&st=&sw=&page=1,board_read.nhn?code=207940&nid=164729807&st=&sw=&page=1,board_read.nhn?code=207940&nid=164725650&st=&sw=&page=1
2021.02.22T14:10,주사기는 안만드나요,바이오주사기는 안만드나요 삼성바이오주사기! 치료제투약하려면 주사기 필요할텐데 바이오마스크  바이오주사기 바이오장갑 바이오가운 바이오자동차 바이오컴퓨터  바이오주택 죄다만들어서 주가천만원가즈아 위대한 삼성바이오종합상사 중소기업 전부 문닫아라 예전에 슈퍼 빵집 다 망했다 ㅎㅎ,https://finance.naver.com/item/board_read.nhn?code=207940&nid=164729807&st=&sw=&page=1,board_read.nhn?code=207940&nid=164736003&st=&sw=&page=1,board_read.nhn?code=207940&nid=164727220&st=&sw=&page=1
2021.02.22T14:27,나노엔텍 100프로 수익가능,코로나 신속키트 이탈리아 1000만개 수출 국내도 곧 보급 실적 좋은 저평가된 강소기업 국내도 신속키트가 널리 보급이 되어야 코로나가 빨리 종식 됩니다 지금 최저점으로 매수 타이밍 100프로 이상 수익 실현하세요,https://finance.naver.com/item/board_read.nhn?code=207940&nid=164736003&st=&sw=&page=1,board_read.nhn?code=207940&nid=164738967&st=&sw=&page=1,board_read.nhn?code=207940&nid=164729807&st=&sw=&page=1
2021.02.22T14:36,지금 가격은  최근 외인 기관 대량매수  가격 이하,이제 손절이냐. 밀어 올리느냐만 남았네.. ㅎㅎㅎㅎㅎ,https://finance.naver.com/item/board_read.nhn?code=207940&nid=164738967&st=&sw=&page=1,board_read.nhn?code=207940&nid=164743672&st=&sw=&page=1,board_read.nhn?code=207940&nid=164736003&st=&sw=&page=1
2021.02.22T14:50,주가 관리. 회사 이미지 관리 안하냐?,회사는 모하냐? 회장 없다고 놀고 있냐?,https://finance.naver.com/item/board_read.nhn?code=207940&nid=164743672&st=&sw=&page=1,board_read.nhn?code=207940&nid=164755009&st=&sw=&page=1,board_read.nhn?code=207940&nid=164738967&st=&sw=&page=1
2021.02.22T15:18,존림 대표이사님께서는 한국분인가요?,궁금해서 문의드립니다,https://finance.naver.com/item/board_read.nhn?code=207940&nid=164755009&st=&sw=&page=1,board_read.nhn?code=207940&nid=164756337&st=&sw=&page=1,board_read.nhn?code=207940&nid=164743672&st=&sw=&page=1
2021.02.22T15:22,이런장에서 그래도 삼바는 선방하네,10년뒤에 무조건 오를 주식 삼바,https://finance.naver.com/item/board_read.nhn?code=207940&nid=164756337&st=&sw=&page=1,board_read.nhn?code=207940&nid=164762444&st=&sw=&page=1,board_read.nhn?code=207940&nid=164755009&st=&sw=&page=1
2021.02.22T15:39,외국인 매수 뭐지..,모간이 저렇게 샀는데 500이라... 뭐지? 아 진짜 징하게 안 간다.. 셀트리온 가서 빌어라 치료제 우리가 위탁한다고.. 뭐라도 좀 하라고,https://finance.naver.com/item/board_read.nhn?code=207940&nid=164762444&st=&sw=&page=1,board_read.nhn?code=207940&nid=164764126&st=&sw=&page=1,board_read.nhn?code=207940&nid=164756337&st=&sw=&page=1
2021.02.22T15:45,==== 수급 ~ 현황 ====,분 야 별 ======== 매수 + 외인 + 554 주 개인 + 19496 주 금융투자 + 140 주 사모펀드 + 412 주 매 도 ----- 기관 - 19886 주 연금 - 16767 주 투신 -3085 주 보험 - 549 주 은행 0 기타금융 - 37 주 기타법인 - 145 주 오늘의 수급입니다 내일장 참고하세요,https://finance.naver.com/item/board_read.nhn?code=207940&nid=164764126&st=&sw=&page=1,board_read.nhn?code=207940&nid=164769896&st=&sw=&page=1,board_read.nhn?code=207940&nid=164774884&st=&sw=&page=1
2021.02.22T16:08,셀트 영업이익이 삼바 매출액 ㅋㅋㅋㅋㅋ,주가 뒤바뀌어야할듯 ㅋㅋㅋㅋ,https://finance.naver.com/item/board_read.nhn?code=207940&nid=164769896&st=&sw=&page=1,board_read.nhn?code=207940&nid=164772017&st=&sw=&page=1,board_read.nhn?code=207940&nid=164768283&st=&sw=&page=1
2021.02.22T16:18,■ 셀트 작년 영업이익 7121억인데...,쌈바물통이는 얼마 벌었나요...? 2900억인가..? 맞지요... 절반이네... 절름바리가 까불고 있어... 주가는 왜 거기에 있어...? 물통 술 마셨나... 술 취했나 본데... 빨랑... 25층... 원위치 하도록...,https://finance.naver.com/item/board_read.nhn?code=207940&nid=164772017&st=&sw=&page=1,board_read.nhn?code=207940&nid=164773154&st=&sw=&page=1,board_read.nhn?code=207940&nid=164769896&st=&sw=&page=1
2021.02.22T16:23,아놔 누가,100만원 간다고 설래발 쳤어?,https://finance.naver.com/item/board_read.nhn?code=207940&nid=164773154&st=&sw=&page=1,board_read.nhn?code=207940&nid=164774453&st=&sw=&page=1,board_read.nhn?code=207940&nid=164772017&st=&sw=&page=1
2021.02.22T16:29,도데체 끝없이추락이네ㅡㅡ,어디까지갈거냐? 또 다시 수면제 먹어야되겠데이ㅡ,https://finance.naver.com/item/board_read.nhn?code=207940&nid=164774453&st=&sw=&page=1,board_read.nhn?code=207940&nid=164778987&st=&sw=&page=1,board_read.nhn?code=207940&nid=164773154&st=&sw=&page=1
2021.02.22T16:53,영업실적 얼마냐,셀트리온 뒤꿈치는 따라가니... 어느덧 백주가 넘는다.. 고통의 시간이다,https://finance.naver.com/item/board_read.nhn?code=207940&nid=164778987&st=&sw=&page=1,board_read.nhn?code=207940&nid=164782278&st=&sw=&page=1,board_read.nhn?code=207940&nid=164774453&st=&sw=&page=1
2021.02.22T17:13,삼바 실적 대박,셀트 시총 43조 매출 18738억 영업이익 7732 영업이익률 42.72%단기순이익 6009억 삼바 시총 52조 매출10547억 영업이익 2499 영업이익률23.69%단기 순이익2029억 오죽하면 나스닥 간다고 할까 머리는 폼으로 달고 댕기는게 아님니다 계산좀하시고 이게 뭔니까  ,https://finance.naver.com/item/board_read.nhn?code=207940&nid=164782278&st=&sw=&page=1,board_read.nhn?code=207940&nid=164785661&st=&sw=&page=1,board_read.nhn?code=207940&nid=164778987&st=&sw=&page=1
2021.02.22T17:36,토론의 장 .통곡의 장.,코로나 테마는 끝..그냥 치매.관절염.등등 이런 신약 기다리는게 빠름..뺄땐 과감하게..4차산업에 관련 없는게 요즘 어디 있나..다지..,https://finance.naver.com/item/board_read.nhn?code=207940&nid=164785661&st=&sw=&page=1,board_read.nhn?code=207940&nid=164790169&st=&sw=&page=1,board_read.nhn?code=207940&nid=164782278&st=&sw=&page=1
2021.02.22T18:07,더 빼라,영업이익 3천억에 칠십만원대가 웬말이냐! 완전개거품 아닌가!,https://finance.naver.com/item/board_read.nhn?code=207940&nid=164790169&st=&sw=&page=1,board_read.nhn?code=207940&nid=164790633&st=&sw=&page=1,board_read.nhn?code=207940&nid=164785661&st=&sw=&page=1
2021.02.22T18:11,진격의 삼바,바이오의 제왕이 되자.^^,https://finance.naver.com/item/board_read.nhn?code=207940&nid=164790633&st=&sw=&page=1,board_read.nhn?code=207940&nid=164791882&st=&sw=&page=1,board_read.nhn?code=207940&nid=164790169&st=&sw=&page=1
2021.02.22T18:22,삼바야 비결 좀 알려주라,영익 2천억대에 어찌 시총 51조를 유지하고 있는지.. 어찌 너네는 이렇게 기관  연기금 도움 받으면서...온실속의 화초처럼..... 이 저조한 실적...그리고 기대되는 향후 어설픈 수익 증가율..... 로 이 주가를 유지하고 종가관리 까지 하냐 말이냐.... 시외에 빠졌더라...이처넌.... 778 000... 커버 안 쳐 주니까  시외엔 빠지네.... 셀트가 니네 수익 근 2배 반 했다더라... 매출은 1.7배..... 마진율이 클라스가 다르다...그치? 삼바 개미.... 판단 잘 하길....,https://finance.naver.com/item/board_read.nhn?code=207940&nid=164791882&st=&sw=&page=1,board_read.nhn?code=207940&nid=164792646&st=&sw=&page=1,board_read.nhn?code=207940&nid=164790633&st=&sw=&page=1
2021.02.22T18:30,이게 안가면 말이안된다,이걸로 못가면 진짜 아니다 알겠지? https://hannkyung.tistory.com/20,https://finance.naver.com/item/board_read.nhn?code=207940&nid=164792646&st=&sw=&page=1,board_read.nhn?code=207940&nid=164792964&st=&sw=&page=1,board_read.nhn?code=207940&nid=164791882&st=&sw=&page=1
2021.02.22T18:33,공시란 이런거야 ㅋㅋ,셀트리온  작년 영업익 7121억 전년비 88.4%↑…'사상 최대' 마스크  인턴 이딴게 아니라 ㅋㅋㅋ,https://finance.naver.com/item/board_read.nhn?code=207940&nid=164792964&st=&sw=&page=1,board_read.nhn?code=207940&nid=164794837&st=&sw=&page=1,board_read.nhn?code=207940&nid=164792646&st=&sw=&page=1
2021.02.22T18:52,셀트~  실적발표는  매출 64%↑ 영업이익 88.4%↑ ,장기보유와 하락시 추가매수로 부자되세요~(100~200 가는중인데  절대팔지마세요),https://finance.naver.com/item/board_read.nhn?code=207940&nid=164794837&st=&sw=&page=1,board_read.nhn?code=207940&nid=164795351&st=&sw=&page=1,board_read.nhn?code=207940&nid=164792964&st=&sw=&page=1
2021.02.22T18:58,2021년~2025년. 2 500조원 투자,중국. China GDP가 작년 16조달러 21년 18조달러. 25년 23조달러로 예측된다. 5년간 GDP가 약 100조달러. 11경 중국정부는 국가 연구기관 등 R&D 정부 국가예산 중 연구개발투자비를 연간 2%~3% 선에서 집행할 예정임. 2.5%로 잡으면 5년